drop_id,original_frame_idx,frame_path,timestamp,timestamp_str,drop_reason
0,180,/content/drive/MyDrive/인지프/aeaa_lora_weights/dropped_duplicate_frames/dup_00000.jpg,6.0,00:06,duplicate
1,420,/content/drive/MyDrive/인지프/aeaa_lora_weights/dropped_duplicate_frames/dup_00001.jpg,14.0,00:14,duplicate
2,450,/content/drive/MyDrive/인지프/aeaa_lora_weights/dropped_duplicate_frames/dup_00002.jpg,15.0,00:15,duplicate
3,630,/content/drive/MyDrive/인지프/aeaa_lora_weights/dropped_duplicate_frames/dup_00003.jpg,21.0,00:21,duplicate
4,1080,/content/drive/MyDrive/인지프/aeaa_lora_weights/dropped_duplicate_frames/dup_00004.jpg,36.0,00:36,duplicate
5,1110,/content/drive/MyDrive/인지프/aeaa_lora_weights/dropped_duplicate_frames/dup_00005.jpg,37.0,00:37,duplicate
6,1350,/content/drive/MyDrive/인지프/aeaa_lora_weights/dropped_duplicate_frames/dup_00006.jpg,45.0,00:45,duplicate
7,1440,/content/drive/MyDrive/인지프/aeaa_lora_weights/dropped_duplicate_frames/dup_00007.jpg,48.0,00:48,duplicate
8,1530,/content/drive/MyDrive/인지프/aeaa_lora_weights/dropped_duplicate_frames/dup_00008.jpg,51.0,00:51,duplicate
9,1590,/content/drive/MyDrive/인지프/aeaa_lora_weights/dropped_duplicate_frames/dup_00009.jpg,53.0,00:53,duplicate
10,1710,/content/drive/MyDrive/인지프/aeaa_lora_weights/dropped_duplicate_frames/dup_00010.jpg,57.0,00:57,duplicate
11,1740,/content/drive/MyDrive/인지프/aeaa_lora_weights/dropped_duplicate_frames/dup_00011.jpg,58.0,00:58,duplicate
12,1770,/content/drive/MyDrive/인지프/aeaa_lora_weights/dropped_duplicate_frames/dup_00012.jpg,59.0,00:59,duplicate
13,1830,/content/drive/MyDrive/인지프/aeaa_lora_weights/dropped_duplicate_frames/dup_00013.jpg,61.0,01:01,duplicate
14,1860,/content/drive/MyDrive/인지프/aeaa_lora_weights/dropped_duplicate_frames/dup_00014.jpg,62.0,01:02,duplicate
15,1890,/content/drive/MyDrive/인지프/aeaa_lora_weights/dropped_duplicate_frames/dup_00015.jpg,63.0,01:03,duplicate
16,1920,/content/drive/MyDrive/인지프/aeaa_lora_weights/dropped_duplicate_frames/dup_00016.jpg,64.0,01:04,duplicate
17,2220,/content/drive/MyDrive/인지프/aeaa_lora_weights/dropped_duplicate_frames/dup_00017.jpg,74.0,01:14,duplicate
18,2250,/content/drive/MyDrive/인지프/aeaa_lora_weights/dropped_duplicate_frames/dup_00018.jpg,75.0,01:15,duplicate
19,2310,/content/drive/MyDrive/인지프/aeaa_lora_weights/dropped_duplicate_frames/dup_00019.jpg,77.0,01:17,duplicate
20,2370,/content/drive/MyDrive/인지프/aeaa_lora_weights/dropped_duplicate_frames/dup_00020.jpg,79.0,01:19,duplicate
21,2490,/content/drive/MyDrive/인지프/aeaa_lora_weights/dropped_duplicate_frames/dup_00021.jpg,83.0,01:23,duplicate
22,2550,/content/drive/MyDrive/인지프/aeaa_lora_weights/dropped_duplicate_frames/dup_00022.jpg,85.0,01:25,duplicate
23,2700,/content/drive/MyDrive/인지프/aeaa_lora_weights/dropped_duplicate_frames/dup_00023.jpg,90.0,01:30,duplicate
24,2730,/content/drive/MyDrive/인지프/aeaa_lora_weights/dropped_duplicate_frames/dup_00024.jpg,91.0,01:31,duplicate
25,2910,/content/drive/MyDrive/인지프/aeaa_lora_weights/dropped_duplicate_frames/dup_00025.jpg,97.0,01:37,duplicate
26,3000,/content/drive/MyDrive/인지프/aeaa_lora_weights/dropped_duplicate_frames/dup_00026.jpg,100.0,01:40,duplicate
27,3150,/content/drive/MyDrive/인지프/aeaa_lora_weights/dropped_duplicate_frames/dup_00027.jpg,105.0,01:45,duplicate
28,3240,/content/drive/MyDrive/인지프/aeaa_lora_weights/dropped_duplicate_frames/dup_00028.jpg,108.0,01:48,duplicate
29,3360,/content/drive/MyDrive/인지프/aeaa_lora_weights/dropped_duplicate_frames/dup_00029.jpg,112.0,01:52,duplicate
30,3420,/content/drive/MyDrive/인지프/aeaa_lora_weights/dropped_duplicate_frames/dup_00030.jpg,114.0,01:54,duplicate
31,3450,/content/drive/MyDrive/인지프/aeaa_lora_weights/dropped_duplicate_frames/dup_00031.jpg,115.0,01:55,duplicate
32,3570,/content/drive/MyDrive/인지프/aeaa_lora_weights/dropped_duplicate_frames/dup_00032.jpg,119.0,01:59,duplicate
33,3660,/content/drive/MyDrive/인지프/aeaa_lora_weights/dropped_duplicate_frames/dup_00033.jpg,122.0,02:02,duplicate
34,3690,/content/drive/MyDrive/인지프/aeaa_lora_weights/dropped_duplicate_frames/dup_00034.jpg,123.0,02:03,duplicate
35,3720,/content/drive/MyDrive/인지프/aeaa_lora_weights/dropped_duplicate_frames/dup_00035.jpg,124.0,02:04,duplicate
36,3750,/content/drive/MyDrive/인지프/aeaa_lora_weights/dropped_duplicate_frames/dup_00036.jpg,125.0,02:05,duplicate
37,3780,/content/drive/MyDrive/인지프/aeaa_lora_weights/dropped_duplicate_frames/dup_00037.jpg,126.0,02:06,duplicate
38,3930,/content/drive/MyDrive/인지프/aeaa_lora_weights/dropped_duplicate_frames/dup_00038.jpg,131.0,02:11,duplicate
39,4050,/content/drive/MyDrive/인지프/aeaa_lora_weights/dropped_duplicate_frames/dup_00039.jpg,135.0,02:15,duplicate
40,4200,/content/drive/MyDrive/인지프/aeaa_lora_weights/dropped_duplicate_frames/dup_00040.jpg,140.0,02:20,duplicate
41,4230,/content/drive/MyDrive/인지프/aeaa_lora_weights/dropped_duplicate_frames/dup_00041.jpg,141.0,02:21,duplicate
42,4320,/content/drive/MyDrive/인지프/aeaa_lora_weights/dropped_duplicate_frames/dup_00042.jpg,144.0,02:24,duplicate
43,4380,/content/drive/MyDrive/인지프/aeaa_lora_weights/dropped_duplicate_frames/dup_00043.jpg,146.0,02:26,duplicate
44,4410,/content/drive/MyDrive/인지프/aeaa_lora_weights/dropped_duplicate_frames/dup_00044.jpg,147.0,02:27,duplicate
45,4440,/content/drive/MyDrive/인지프/aeaa_lora_weights/dropped_duplicate_frames/dup_00045.jpg,148.0,02:28,duplicate
46,4530,/content/drive/MyDrive/인지프/aeaa_lora_weights/dropped_duplicate_frames/dup_00046.jpg,151.0,02:31,duplicate
47,4590,/content/drive/MyDrive/인지프/aeaa_lora_weights/dropped_duplicate_frames/dup_00047.jpg,153.0,02:33,duplicate
48,4740,/content/drive/MyDrive/인지프/aeaa_lora_weights/dropped_duplicate_frames/dup_00048.jpg,158.0,02:38,duplicate
49,5250,/content/drive/MyDrive/인지프/aeaa_lora_weights/dropped_duplicate_frames/dup_00049.jpg,175.0,02:55,duplicate
50,5400,/content/drive/MyDrive/인지프/aeaa_lora_weights/dropped_duplicate_frames/dup_00050.jpg,180.0,03:00,duplicate
51,5730,/content/drive/MyDrive/인지프/aeaa_lora_weights/dropped_duplicate_frames/dup_00051.jpg,191.0,03:11,duplicate
52,5760,/content/drive/MyDrive/인지프/aeaa_lora_weights/dropped_duplicate_frames/dup_00052.jpg,192.0,03:12,duplicate
53,5790,/content/drive/MyDrive/인지프/aeaa_lora_weights/dropped_duplicate_frames/dup_00053.jpg,193.0,03:13,duplicate
54,5820,/content/drive/MyDrive/인지프/aeaa_lora_weights/dropped_duplicate_frames/dup_00054.jpg,194.0,03:14,duplicate
55,6030,/content/drive/MyDrive/인지프/aeaa_lora_weights/dropped_duplicate_frames/dup_00055.jpg,201.0,03:21,duplicate
56,6180,/content/drive/MyDrive/인지프/aeaa_lora_weights/dropped_duplicate_frames/dup_00056.jpg,206.0,03:26,duplicate
57,6210,/content/drive/MyDrive/인지프/aeaa_lora_weights/dropped_duplicate_frames/dup_00057.jpg,207.0,03:27,duplicate
58,6300,/content/drive/MyDrive/인지프/aeaa_lora_weights/dropped_duplicate_frames/dup_00058.jpg,210.0,03:30,duplicate
59,6330,/content/drive/MyDrive/인지프/aeaa_lora_weights/dropped_duplicate_frames/dup_00059.jpg,211.0,03:31,duplicate
60,6360,/content/drive/MyDrive/인지프/aeaa_lora_weights/dropped_duplicate_frames/dup_00060.jpg,212.0,03:32,duplicate
61,6600,/content/drive/MyDrive/인지프/aeaa_lora_weights/dropped_duplicate_frames/dup_00061.jpg,220.0,03:40,duplicate
62,6630,/content/drive/MyDrive/인지프/aeaa_lora_weights/dropped_duplicate_frames/dup_00062.jpg,221.0,03:41,duplicate
63,6660,/content/drive/MyDrive/인지프/aeaa_lora_weights/dropped_duplicate_frames/dup_00063.jpg,222.0,03:42,duplicate
64,6810,/content/drive/MyDrive/인지프/aeaa_lora_weights/dropped_duplicate_frames/dup_00064.jpg,227.0,03:47,duplicate
65,6870,/content/drive/MyDrive/인지프/aeaa_lora_weights/dropped_duplicate_frames/dup_00065.jpg,229.0,03:49,duplicate
66,7230,/content/drive/MyDrive/인지프/aeaa_lora_weights/dropped_duplicate_frames/dup_00066.jpg,241.0,04:01,duplicate
67,7410,/content/drive/MyDrive/인지프/aeaa_lora_weights/dropped_duplicate_frames/dup_00067.jpg,247.0,04:07,duplicate
68,7860,/content/drive/MyDrive/인지프/aeaa_lora_weights/dropped_duplicate_frames/dup_00068.jpg,262.0,04:22,duplicate
69,7890,/content/drive/MyDrive/인지프/aeaa_lora_weights/dropped_duplicate_frames/dup_00069.jpg,263.0,04:23,duplicate
70,8460,/content/drive/MyDrive/인지프/aeaa_lora_weights/dropped_duplicate_frames/dup_00070.jpg,282.0,04:42,duplicate
71,8490,/content/drive/MyDrive/인지프/aeaa_lora_weights/dropped_duplicate_frames/dup_00071.jpg,283.0,04:43,duplicate
72,8670,/content/drive/MyDrive/인지프/aeaa_lora_weights/dropped_duplicate_frames/dup_00072.jpg,289.0,04:49,duplicate
73,8790,/content/drive/MyDrive/인지프/aeaa_lora_weights/dropped_duplicate_frames/dup_00073.jpg,293.0,04:53,duplicate
74,8910,/content/drive/MyDrive/인지프/aeaa_lora_weights/dropped_duplicate_frames/dup_00074.jpg,297.0,04:57,duplicate
75,9930,/content/drive/MyDrive/인지프/aeaa_lora_weights/dropped_duplicate_frames/dup_00075.jpg,331.0,05:31,duplicate
76,10230,/content/drive/MyDrive/인지프/aeaa_lora_weights/dropped_duplicate_frames/dup_00076.jpg,341.0,05:41,duplicate
77,10260,/content/drive/MyDrive/인지프/aeaa_lora_weights/dropped_duplicate_frames/dup_00077.jpg,342.0,05:42,duplicate
78,10290,/content/drive/MyDrive/인지프/aeaa_lora_weights/dropped_duplicate_frames/dup_00078.jpg,343.0,05:43,duplicate
79,10320,/content/drive/MyDrive/인지프/aeaa_lora_weights/dropped_duplicate_frames/dup_00079.jpg,344.0,05:44,duplicate
80,11130,/content/drive/MyDrive/인지프/aeaa_lora_weights/dropped_duplicate_frames/dup_00080.jpg,371.0,06:11,duplicate
81,11160,/content/drive/MyDrive/인지프/aeaa_lora_weights/dropped_duplicate_frames/dup_00081.jpg,372.0,06:12,duplicate
82,11190,/content/drive/MyDrive/인지프/aeaa_lora_weights/dropped_duplicate_frames/dup_00082.jpg,373.0,06:13,duplicate
83,11220,/content/drive/MyDrive/인지프/aeaa_lora_weights/dropped_duplicate_frames/dup_00083.jpg,374.0,06:14,duplicate
84,11340,/content/drive/MyDrive/인지프/aeaa_lora_weights/dropped_duplicate_frames/dup_00084.jpg,378.0,06:18,duplicate
85,11400,/content/drive/MyDrive/인지프/aeaa_lora_weights/dropped_duplicate_frames/dup_00085.jpg,380.0,06:20,duplicate
86,11580,/content/drive/MyDrive/인지프/aeaa_lora_weights/dropped_duplicate_frames/dup_00086.jpg,386.0,06:26,duplicate
87,11700,/content/drive/MyDrive/인지프/aeaa_lora_weights/dropped_duplicate_frames/dup_00087.jpg,390.0,06:30,duplicate
88,11730,/content/drive/MyDrive/인지프/aeaa_lora_weights/dropped_duplicate_frames/dup_00088.jpg,391.0,06:31,duplicate
89,11820,/content/drive/MyDrive/인지프/aeaa_lora_weights/dropped_duplicate_frames/dup_00089.jpg,394.0,06:34,duplicate
90,11850,/content/drive/MyDrive/인지프/aeaa_lora_weights/dropped_duplicate_frames/dup_00090.jpg,395.0,06:35,duplicate
91,11910,/content/drive/MyDrive/인지프/aeaa_lora_weights/dropped_duplicate_frames/dup_00091.jpg,397.0,06:37,duplicate
92,12150,/content/drive/MyDrive/인지프/aeaa_lora_weights/dropped_duplicate_frames/dup_00092.jpg,405.0,06:45,duplicate
93,12270,/content/drive/MyDrive/인지프/aeaa_lora_weights/dropped_duplicate_frames/dup_00093.jpg,409.0,06:49,duplicate
94,12510,/content/drive/MyDrive/인지프/aeaa_lora_weights/dropped_duplicate_frames/dup_00094.jpg,417.0,06:57,duplicate
95,12570,/content/drive/MyDrive/인지프/aeaa_lora_weights/dropped_duplicate_frames/dup_00095.jpg,419.0,06:59,duplicate
96,12690,/content/drive/MyDrive/인지프/aeaa_lora_weights/dropped_duplicate_frames/dup_00096.jpg,423.0,07:03,duplicate
97,13200,/content/drive/MyDrive/인지프/aeaa_lora_weights/dropped_duplicate_frames/dup_00097.jpg,440.0,07:20,duplicate
98,13770,/content/drive/MyDrive/인지프/aeaa_lora_weights/dropped_duplicate_frames/dup_00098.jpg,459.0,07:39,duplicate
99,13890,/content/drive/MyDrive/인지프/aeaa_lora_weights/dropped_duplicate_frames/dup_00099.jpg,463.0,07:43,duplicate
100,13980,/content/drive/MyDrive/인지프/aeaa_lora_weights/dropped_duplicate_frames/dup_00100.jpg,466.0,07:46,duplicate
101,14070,/content/drive/MyDrive/인지프/aeaa_lora_weights/dropped_duplicate_frames/dup_00101.jpg,469.0,07:49,duplicate
102,14160,/content/drive/MyDrive/인지프/aeaa_lora_weights/dropped_duplicate_frames/dup_00102.jpg,472.0,07:52,duplicate
103,14310,/content/drive/MyDrive/인지프/aeaa_lora_weights/dropped_duplicate_frames/dup_00103.jpg,477.0,07:57,duplicate
104,14340,/content/drive/MyDrive/인지프/aeaa_lora_weights/dropped_duplicate_frames/dup_00104.jpg,478.0,07:58,duplicate
105,14430,/content/drive/MyDrive/인지프/aeaa_lora_weights/dropped_duplicate_frames/dup_00105.jpg,481.0,08:01,duplicate
106,14460,/content/drive/MyDrive/인지프/aeaa_lora_weights/dropped_duplicate_frames/dup_00106.jpg,482.0,08:02,duplicate
107,14850,/content/drive/MyDrive/인지프/aeaa_lora_weights/dropped_duplicate_frames/dup_00107.jpg,495.0,08:15,duplicate
108,14880,/content/drive/MyDrive/인지프/aeaa_lora_weights/dropped_duplicate_frames/dup_00108.jpg,496.0,08:16,duplicate
109,14910,/content/drive/MyDrive/인지프/aeaa_lora_weights/dropped_duplicate_frames/dup_00109.jpg,497.0,08:17,duplicate
110,14970,/content/drive/MyDrive/인지프/aeaa_lora_weights/dropped_duplicate_frames/dup_00110.jpg,499.0,08:19,duplicate
111,15000,/content/drive/MyDrive/인지프/aeaa_lora_weights/dropped_duplicate_frames/dup_00111.jpg,500.0,08:20,duplicate
112,15030,/content/drive/MyDrive/인지프/aeaa_lora_weights/dropped_duplicate_frames/dup_00112.jpg,501.0,08:21,duplicate
113,15060,/content/drive/MyDrive/인지프/aeaa_lora_weights/dropped_duplicate_frames/dup_00113.jpg,502.0,08:22,duplicate
114,15120,/content/drive/MyDrive/인지프/aeaa_lora_weights/dropped_duplicate_frames/dup_00114.jpg,504.0,08:24,duplicate
115,15180,/content/drive/MyDrive/인지프/aeaa_lora_weights/dropped_duplicate_frames/dup_00115.jpg,506.0,08:26,duplicate
116,15210,/content/drive/MyDrive/인지프/aeaa_lora_weights/dropped_duplicate_frames/dup_00116.jpg,507.0,08:27,duplicate
117,15270,/content/drive/MyDrive/인지프/aeaa_lora_weights/dropped_duplicate_frames/dup_00117.jpg,509.0,08:29,duplicate
118,15300,/content/drive/MyDrive/인지프/aeaa_lora_weights/dropped_duplicate_frames/dup_00118.jpg,510.0,08:30,duplicate
119,15390,/content/drive/MyDrive/인지프/aeaa_lora_weights/dropped_duplicate_frames/dup_00119.jpg,513.0,08:33,duplicate
120,15420,/content/drive/MyDrive/인지프/aeaa_lora_weights/dropped_duplicate_frames/dup_00120.jpg,514.0,08:34,duplicate
121,15480,/content/drive/MyDrive/인지프/aeaa_lora_weights/dropped_duplicate_frames/dup_00121.jpg,516.0,08:36,duplicate
122,15510,/content/drive/MyDrive/인지프/aeaa_lora_weights/dropped_duplicate_frames/dup_00122.jpg,517.0,08:37,duplicate
123,15540,/content/drive/MyDrive/인지프/aeaa_lora_weights/dropped_duplicate_frames/dup_00123.jpg,518.0,08:38,duplicate
124,15630,/content/drive/MyDrive/인지프/aeaa_lora_weights/dropped_duplicate_frames/dup_00124.jpg,521.0,08:41,duplicate
125,15690,/content/drive/MyDrive/인지프/aeaa_lora_weights/dropped_duplicate_frames/dup_00125.jpg,523.0,08:43,duplicate
126,15720,/content/drive/MyDrive/인지프/aeaa_lora_weights/dropped_duplicate_frames/dup_00126.jpg,524.0,08:44,duplicate
127,15750,/content/drive/MyDrive/인지프/aeaa_lora_weights/dropped_duplicate_frames/dup_00127.jpg,525.0,08:45,duplicate
128,15780,/content/drive/MyDrive/인지프/aeaa_lora_weights/dropped_duplicate_frames/dup_00128.jpg,526.0,08:46,duplicate
129,15870,/content/drive/MyDrive/인지프/aeaa_lora_weights/dropped_duplicate_frames/dup_00129.jpg,529.0,08:49,duplicate
130,15990,/content/drive/MyDrive/인지프/aeaa_lora_weights/dropped_duplicate_frames/dup_00130.jpg,533.0,08:53,duplicate
131,16020,/content/drive/MyDrive/인지프/aeaa_lora_weights/dropped_duplicate_frames/dup_00131.jpg,534.0,08:54,duplicate
132,16110,/content/drive/MyDrive/인지프/aeaa_lora_weights/dropped_duplicate_frames/dup_00132.jpg,537.0,08:57,duplicate
133,16200,/content/drive/MyDrive/인지프/aeaa_lora_weights/dropped_duplicate_frames/dup_00133.jpg,540.0,09:00,duplicate
134,16230,/content/drive/MyDrive/인지프/aeaa_lora_weights/dropped_duplicate_frames/dup_00134.jpg,541.0,09:01,duplicate
135,16260,/content/drive/MyDrive/인지프/aeaa_lora_weights/dropped_duplicate_frames/dup_00135.jpg,542.0,09:02,duplicate
136,16320,/content/drive/MyDrive/인지프/aeaa_lora_weights/dropped_duplicate_frames/dup_00136.jpg,544.0,09:04,duplicate
137,16350,/content/drive/MyDrive/인지프/aeaa_lora_weights/dropped_duplicate_frames/dup_00137.jpg,545.0,09:05,duplicate
138,16440,/content/drive/MyDrive/인지프/aeaa_lora_weights/dropped_duplicate_frames/dup_00138.jpg,548.0,09:08,duplicate
139,16560,/content/drive/MyDrive/인지프/aeaa_lora_weights/dropped_duplicate_frames/dup_00139.jpg,552.0,09:12,duplicate
140,16650,/content/drive/MyDrive/인지프/aeaa_lora_weights/dropped_duplicate_frames/dup_00140.jpg,555.0,09:15,duplicate
141,16680,/content/drive/MyDrive/인지프/aeaa_lora_weights/dropped_duplicate_frames/dup_00141.jpg,556.0,09:16,duplicate
142,16710,/content/drive/MyDrive/인지프/aeaa_lora_weights/dropped_duplicate_frames/dup_00142.jpg,557.0,09:17,duplicate
143,16740,/content/drive/MyDrive/인지프/aeaa_lora_weights/dropped_duplicate_frames/dup_00143.jpg,558.0,09:18,duplicate
144,16830,/content/drive/MyDrive/인지프/aeaa_lora_weights/dropped_duplicate_frames/dup_00144.jpg,561.0,09:21,duplicate
145,16890,/content/drive/MyDrive/인지프/aeaa_lora_weights/dropped_duplicate_frames/dup_00145.jpg,563.0,09:23,duplicate
146,16920,/content/drive/MyDrive/인지프/aeaa_lora_weights/dropped_duplicate_frames/dup_00146.jpg,564.0,09:24,duplicate
147,16950,/content/drive/MyDrive/인지프/aeaa_lora_weights/dropped_duplicate_frames/dup_00147.jpg,565.0,09:25,duplicate
148,17010,/content/drive/MyDrive/인지프/aeaa_lora_weights/dropped_duplicate_frames/dup_00148.jpg,567.0,09:27,duplicate
149,17040,/content/drive/MyDrive/인지프/aeaa_lora_weights/dropped_duplicate_frames/dup_00149.jpg,568.0,09:28,duplicate
150,17070,/content/drive/MyDrive/인지프/aeaa_lora_weights/dropped_duplicate_frames/dup_00150.jpg,569.0,09:29,duplicate
151,17100,/content/drive/MyDrive/인지프/aeaa_lora_weights/dropped_duplicate_frames/dup_00151.jpg,570.0,09:30,duplicate
152,17160,/content/drive/MyDrive/인지프/aeaa_lora_weights/dropped_duplicate_frames/dup_00152.jpg,572.0,09:32,duplicate
153,17190,/content/drive/MyDrive/인지프/aeaa_lora_weights/dropped_duplicate_frames/dup_00153.jpg,573.0,09:33,duplicate
154,17220,/content/drive/MyDrive/인지프/aeaa_lora_weights/dropped_duplicate_frames/dup_00154.jpg,574.0,09:34,duplicate
155,17610,/content/drive/MyDrive/인지프/aeaa_lora_weights/dropped_duplicate_frames/dup_00155.jpg,587.0,09:47,duplicate
156,17790,/content/drive/MyDrive/인지프/aeaa_lora_weights/dropped_duplicate_frames/dup_00156.jpg,593.0,09:53,duplicate
157,17850,/content/drive/MyDrive/인지프/aeaa_lora_weights/dropped_duplicate_frames/dup_00157.jpg,595.0,09:55,duplicate
158,17880,/content/drive/MyDrive/인지프/aeaa_lora_weights/dropped_duplicate_frames/dup_00158.jpg,596.0,09:56,duplicate
159,17910,/content/drive/MyDrive/인지프/aeaa_lora_weights/dropped_duplicate_frames/dup_00159.jpg,597.0,09:57,duplicate
160,18000,/content/drive/MyDrive/인지프/aeaa_lora_weights/dropped_duplicate_frames/dup_00160.jpg,600.0,10:00,duplicate
161,18030,/content/drive/MyDrive/인지프/aeaa_lora_weights/dropped_duplicate_frames/dup_00161.jpg,601.0,10:01,duplicate
162,18150,/content/drive/MyDrive/인지프/aeaa_lora_weights/dropped_duplicate_frames/dup_00162.jpg,605.0,10:05,duplicate
163,18270,/content/drive/MyDrive/인지프/aeaa_lora_weights/dropped_duplicate_frames/dup_00163.jpg,609.0,10:09,duplicate
164,18360,/content/drive/MyDrive/인지프/aeaa_lora_weights/dropped_duplicate_frames/dup_00164.jpg,612.0,10:12,duplicate
165,18390,/content/drive/MyDrive/인지프/aeaa_lora_weights/dropped_duplicate_frames/dup_00165.jpg,613.0,10:13,duplicate
166,18450,/content/drive/MyDrive/인지프/aeaa_lora_weights/dropped_duplicate_frames/dup_00166.jpg,615.0,10:15,duplicate
167,18480,/content/drive/MyDrive/인지프/aeaa_lora_weights/dropped_duplicate_frames/dup_00167.jpg,616.0,10:16,duplicate
168,18510,/content/drive/MyDrive/인지프/aeaa_lora_weights/dropped_duplicate_frames/dup_00168.jpg,617.0,10:17,duplicate
169,18570,/content/drive/MyDrive/인지프/aeaa_lora_weights/dropped_duplicate_frames/dup_00169.jpg,619.0,10:19,duplicate
170,18600,/content/drive/MyDrive/인지프/aeaa_lora_weights/dropped_duplicate_frames/dup_00170.jpg,620.0,10:20,duplicate
171,18630,/content/drive/MyDrive/인지프/aeaa_lora_weights/dropped_duplicate_frames/dup_00171.jpg,621.0,10:21,duplicate
172,18690,/content/drive/MyDrive/인지프/aeaa_lora_weights/dropped_duplicate_frames/dup_00172.jpg,623.0,10:23,duplicate
173,18750,/content/drive/MyDrive/인지프/aeaa_lora_weights/dropped_duplicate_frames/dup_00173.jpg,625.0,10:25,duplicate
174,19050,/content/drive/MyDrive/인지프/aeaa_lora_weights/dropped_duplicate_frames/dup_00174.jpg,635.0,10:35,duplicate
175,19140,/content/drive/MyDrive/인지프/aeaa_lora_weights/dropped_duplicate_frames/dup_00175.jpg,638.0,10:38,duplicate
176,19170,/content/drive/MyDrive/인지프/aeaa_lora_weights/dropped_duplicate_frames/dup_00176.jpg,639.0,10:39,duplicate
177,19260,/content/drive/MyDrive/인지프/aeaa_lora_weights/dropped_duplicate_frames/dup_00177.jpg,642.0,10:42,duplicate
178,19440,/content/drive/MyDrive/인지프/aeaa_lora_weights/dropped_duplicate_frames/dup_00178.jpg,648.0,10:48,duplicate
179,19470,/content/drive/MyDrive/인지프/aeaa_lora_weights/dropped_duplicate_frames/dup_00179.jpg,649.0,10:49,duplicate
180,19560,/content/drive/MyDrive/인지프/aeaa_lora_weights/dropped_duplicate_frames/dup_00180.jpg,652.0,10:52,duplicate
181,19710,/content/drive/MyDrive/인지프/aeaa_lora_weights/dropped_duplicate_frames/dup_00181.jpg,657.0,10:57,duplicate
182,19770,/content/drive/MyDrive/인지프/aeaa_lora_weights/dropped_duplicate_frames/dup_00182.jpg,659.0,10:59,duplicate
183,19800,/content/drive/MyDrive/인지프/aeaa_lora_weights/dropped_duplicate_frames/dup_00183.jpg,660.0,11:00,duplicate
184,19830,/content/drive/MyDrive/인지프/aeaa_lora_weights/dropped_duplicate_frames/dup_00184.jpg,661.0,11:01,duplicate
185,19860,/content/drive/MyDrive/인지프/aeaa_lora_weights/dropped_duplicate_frames/dup_00185.jpg,662.0,11:02,duplicate
186,19890,/content/drive/MyDrive/인지프/aeaa_lora_weights/dropped_duplicate_frames/dup_00186.jpg,663.0,11:03,duplicate
187,19950,/content/drive/MyDrive/인지프/aeaa_lora_weights/dropped_duplicate_frames/dup_00187.jpg,665.0,11:05,duplicate
188,19980,/content/drive/MyDrive/인지프/aeaa_lora_weights/dropped_duplicate_frames/dup_00188.jpg,666.0,11:06,duplicate
189,20100,/content/drive/MyDrive/인지프/aeaa_lora_weights/dropped_duplicate_frames/dup_00189.jpg,670.0,11:10,duplicate
190,20130,/content/drive/MyDrive/인지프/aeaa_lora_weights/dropped_duplicate_frames/dup_00190.jpg,671.0,11:11,duplicate
191,20160,/content/drive/MyDrive/인지프/aeaa_lora_weights/dropped_duplicate_frames/dup_00191.jpg,672.0,11:12,duplicate
192,20310,/content/drive/MyDrive/인지프/aeaa_lora_weights/dropped_duplicate_frames/dup_00192.jpg,677.0,11:17,duplicate
193,20370,/content/drive/MyDrive/인지프/aeaa_lora_weights/dropped_duplicate_frames/dup_00193.jpg,679.0,11:19,duplicate
194,20400,/content/drive/MyDrive/인지프/aeaa_lora_weights/dropped_duplicate_frames/dup_00194.jpg,680.0,11:20,duplicate
195,20550,/content/drive/MyDrive/인지프/aeaa_lora_weights/dropped_duplicate_frames/dup_00195.jpg,685.0,11:25,duplicate
196,20580,/content/drive/MyDrive/인지프/aeaa_lora_weights/dropped_duplicate_frames/dup_00196.jpg,686.0,11:26,duplicate
197,20640,/content/drive/MyDrive/인지프/aeaa_lora_weights/dropped_duplicate_frames/dup_00197.jpg,688.0,11:28,duplicate
198,20700,/content/drive/MyDrive/인지프/aeaa_lora_weights/dropped_duplicate_frames/dup_00198.jpg,690.0,11:30,duplicate
199,20730,/content/drive/MyDrive/인지프/aeaa_lora_weights/dropped_duplicate_frames/dup_00199.jpg,691.0,11:31,duplicate
200,20820,/content/drive/MyDrive/인지프/aeaa_lora_weights/dropped_duplicate_frames/dup_00200.jpg,694.0,11:34,duplicate
201,20850,/content/drive/MyDrive/인지프/aeaa_lora_weights/dropped_duplicate_frames/dup_00201.jpg,695.0,11:35,duplicate
202,20880,/content/drive/MyDrive/인지프/aeaa_lora_weights/dropped_duplicate_frames/dup_00202.jpg,696.0,11:36,duplicate
203,20970,/content/drive/MyDrive/인지프/aeaa_lora_weights/dropped_duplicate_frames/dup_00203.jpg,699.0,11:39,duplicate
204,21000,/content/drive/MyDrive/인지프/aeaa_lora_weights/dropped_duplicate_frames/dup_00204.jpg,700.0,11:40,duplicate
205,21030,/content/drive/MyDrive/인지프/aeaa_lora_weights/dropped_duplicate_frames/dup_00205.jpg,701.0,11:41,duplicate
206,21060,/content/drive/MyDrive/인지프/aeaa_lora_weights/dropped_duplicate_frames/dup_00206.jpg,702.0,11:42,duplicate
207,21090,/content/drive/MyDrive/인지프/aeaa_lora_weights/dropped_duplicate_frames/dup_00207.jpg,703.0,11:43,duplicate
208,21120,/content/drive/MyDrive/인지프/aeaa_lora_weights/dropped_duplicate_frames/dup_00208.jpg,704.0,11:44,duplicate
209,21150,/content/drive/MyDrive/인지프/aeaa_lora_weights/dropped_duplicate_frames/dup_00209.jpg,705.0,11:45,duplicate
210,21210,/content/drive/MyDrive/인지프/aeaa_lora_weights/dropped_duplicate_frames/dup_00210.jpg,707.0,11:47,duplicate
211,21300,/content/drive/MyDrive/인지프/aeaa_lora_weights/dropped_duplicate_frames/dup_00211.jpg,710.0,11:50,duplicate
212,21360,/content/drive/MyDrive/인지프/aeaa_lora_weights/dropped_duplicate_frames/dup_00212.jpg,712.0,11:52,duplicate
213,21390,/content/drive/MyDrive/인지프/aeaa_lora_weights/dropped_duplicate_frames/dup_00213.jpg,713.0,11:53,duplicate
214,21510,/content/drive/MyDrive/인지프/aeaa_lora_weights/dropped_duplicate_frames/dup_00214.jpg,717.0,11:57,duplicate
215,21900,/content/drive/MyDrive/인지프/aeaa_lora_weights/dropped_duplicate_frames/dup_00215.jpg,730.0,12:10,duplicate
216,22170,/content/drive/MyDrive/인지프/aeaa_lora_weights/dropped_duplicate_frames/dup_00216.jpg,739.0,12:19,duplicate
217,22290,/content/drive/MyDrive/인지프/aeaa_lora_weights/dropped_duplicate_frames/dup_00217.jpg,743.0,12:23,duplicate
218,22320,/content/drive/MyDrive/인지프/aeaa_lora_weights/dropped_duplicate_frames/dup_00218.jpg,744.0,12:24,duplicate
219,22350,/content/drive/MyDrive/인지프/aeaa_lora_weights/dropped_duplicate_frames/dup_00219.jpg,745.0,12:25,duplicate
220,22380,/content/drive/MyDrive/인지프/aeaa_lora_weights/dropped_duplicate_frames/dup_00220.jpg,746.0,12:26,duplicate
221,22410,/content/drive/MyDrive/인지프/aeaa_lora_weights/dropped_duplicate_frames/dup_00221.jpg,747.0,12:27,duplicate
222,22500,/content/drive/MyDrive/인지프/aeaa_lora_weights/dropped_duplicate_frames/dup_00222.jpg,750.0,12:30,duplicate
223,22620,/content/drive/MyDrive/인지프/aeaa_lora_weights/dropped_duplicate_frames/dup_00223.jpg,754.0,12:34,duplicate
224,22650,/content/drive/MyDrive/인지프/aeaa_lora_weights/dropped_duplicate_frames/dup_00224.jpg,755.0,12:35,duplicate
225,22890,/content/drive/MyDrive/인지프/aeaa_lora_weights/dropped_duplicate_frames/dup_00225.jpg,763.0,12:43,duplicate
226,23520,/content/drive/MyDrive/인지프/aeaa_lora_weights/dropped_duplicate_frames/dup_00226.jpg,784.0,13:04,duplicate
227,23550,/content/drive/MyDrive/인지프/aeaa_lora_weights/dropped_duplicate_frames/dup_00227.jpg,785.0,13:05,duplicate
228,23580,/content/drive/MyDrive/인지프/aeaa_lora_weights/dropped_duplicate_frames/dup_00228.jpg,786.0,13:06,duplicate
229,23700,/content/drive/MyDrive/인지프/aeaa_lora_weights/dropped_duplicate_frames/dup_00229.jpg,790.0,13:10,duplicate
230,23760,/content/drive/MyDrive/인지프/aeaa_lora_weights/dropped_duplicate_frames/dup_00230.jpg,792.0,13:12,duplicate
231,23790,/content/drive/MyDrive/인지프/aeaa_lora_weights/dropped_duplicate_frames/dup_00231.jpg,793.0,13:13,duplicate
232,23820,/content/drive/MyDrive/인지프/aeaa_lora_weights/dropped_duplicate_frames/dup_00232.jpg,794.0,13:14,duplicate
233,23850,/content/drive/MyDrive/인지프/aeaa_lora_weights/dropped_duplicate_frames/dup_00233.jpg,795.0,13:15,duplicate
234,23910,/content/drive/MyDrive/인지프/aeaa_lora_weights/dropped_duplicate_frames/dup_00234.jpg,797.0,13:17,duplicate
235,23940,/content/drive/MyDrive/인지프/aeaa_lora_weights/dropped_duplicate_frames/dup_00235.jpg,798.0,13:18,duplicate
236,23970,/content/drive/MyDrive/인지프/aeaa_lora_weights/dropped_duplicate_frames/dup_00236.jpg,799.0,13:19,duplicate
237,24030,/content/drive/MyDrive/인지프/aeaa_lora_weights/dropped_duplicate_frames/dup_00237.jpg,801.0,13:21,duplicate
238,24060,/content/drive/MyDrive/인지프/aeaa_lora_weights/dropped_duplicate_frames/dup_00238.jpg,802.0,13:22,duplicate
239,24150,/content/drive/MyDrive/인지프/aeaa_lora_weights/dropped_duplicate_frames/dup_00239.jpg,805.0,13:25,duplicate
240,24180,/content/drive/MyDrive/인지프/aeaa_lora_weights/dropped_duplicate_frames/dup_00240.jpg,806.0,13:26,duplicate
241,24210,/content/drive/MyDrive/인지프/aeaa_lora_weights/dropped_duplicate_frames/dup_00241.jpg,807.0,13:27,duplicate
242,24240,/content/drive/MyDrive/인지프/aeaa_lora_weights/dropped_duplicate_frames/dup_00242.jpg,808.0,13:28,duplicate
243,24930,/content/drive/MyDrive/인지프/aeaa_lora_weights/dropped_duplicate_frames/dup_00243.jpg,831.0,13:51,duplicate
244,24960,/content/drive/MyDrive/인지프/aeaa_lora_weights/dropped_duplicate_frames/dup_00244.jpg,832.0,13:52,duplicate
245,25080,/content/drive/MyDrive/인지프/aeaa_lora_weights/dropped_duplicate_frames/dup_00245.jpg,836.0,13:56,duplicate
246,25140,/content/drive/MyDrive/인지프/aeaa_lora_weights/dropped_duplicate_frames/dup_00246.jpg,838.0,13:58,duplicate
247,25170,/content/drive/MyDrive/인지프/aeaa_lora_weights/dropped_duplicate_frames/dup_00247.jpg,839.0,13:59,duplicate
248,25230,/content/drive/MyDrive/인지프/aeaa_lora_weights/dropped_duplicate_frames/dup_00248.jpg,841.0,14:01,duplicate
249,25440,/content/drive/MyDrive/인지프/aeaa_lora_weights/dropped_duplicate_frames/dup_00249.jpg,848.0,14:08,duplicate
250,25500,/content/drive/MyDrive/인지프/aeaa_lora_weights/dropped_duplicate_frames/dup_00250.jpg,850.0,14:10,duplicate
251,25590,/content/drive/MyDrive/인지프/aeaa_lora_weights/dropped_duplicate_frames/dup_00251.jpg,853.0,14:13,duplicate
252,25680,/content/drive/MyDrive/인지프/aeaa_lora_weights/dropped_duplicate_frames/dup_00252.jpg,856.0,14:16,duplicate
253,25710,/content/drive/MyDrive/인지프/aeaa_lora_weights/dropped_duplicate_frames/dup_00253.jpg,857.0,14:17,duplicate
254,25740,/content/drive/MyDrive/인지프/aeaa_lora_weights/dropped_duplicate_frames/dup_00254.jpg,858.0,14:18,duplicate
255,25770,/content/drive/MyDrive/인지프/aeaa_lora_weights/dropped_duplicate_frames/dup_00255.jpg,859.0,14:19,duplicate
256,25800,/content/drive/MyDrive/인지프/aeaa_lora_weights/dropped_duplicate_frames/dup_00256.jpg,860.0,14:20,duplicate
257,25830,/content/drive/MyDrive/인지프/aeaa_lora_weights/dropped_duplicate_frames/dup_00257.jpg,861.0,14:21,duplicate
258,25860,/content/drive/MyDrive/인지프/aeaa_lora_weights/dropped_duplicate_frames/dup_00258.jpg,862.0,14:22,duplicate
259,25890,/content/drive/MyDrive/인지프/aeaa_lora_weights/dropped_duplicate_frames/dup_00259.jpg,863.0,14:23,duplicate
260,25920,/content/drive/MyDrive/인지프/aeaa_lora_weights/dropped_duplicate_frames/dup_00260.jpg,864.0,14:24,duplicate
261,25950,/content/drive/MyDrive/인지프/aeaa_lora_weights/dropped_duplicate_frames/dup_00261.jpg,865.0,14:25,duplicate
262,25980,/content/drive/MyDrive/인지프/aeaa_lora_weights/dropped_duplicate_frames/dup_00262.jpg,866.0,14:26,duplicate
263,26010,/content/drive/MyDrive/인지프/aeaa_lora_weights/dropped_duplicate_frames/dup_00263.jpg,867.0,14:27,duplicate
264,26040,/content/drive/MyDrive/인지프/aeaa_lora_weights/dropped_duplicate_frames/dup_00264.jpg,868.0,14:28,duplicate
265,26070,/content/drive/MyDrive/인지프/aeaa_lora_weights/dropped_duplicate_frames/dup_00265.jpg,869.0,14:29,duplicate
266,26100,/content/drive/MyDrive/인지프/aeaa_lora_weights/dropped_duplicate_frames/dup_00266.jpg,870.0,14:30,duplicate
267,26160,/content/drive/MyDrive/인지프/aeaa_lora_weights/dropped_duplicate_frames/dup_00267.jpg,872.0,14:32,duplicate
268,26310,/content/drive/MyDrive/인지프/aeaa_lora_weights/dropped_duplicate_frames/dup_00268.jpg,877.0,14:37,duplicate
269,26340,/content/drive/MyDrive/인지프/aeaa_lora_weights/dropped_duplicate_frames/dup_00269.jpg,878.0,14:38,duplicate
270,26580,/content/drive/MyDrive/인지프/aeaa_lora_weights/dropped_duplicate_frames/dup_00270.jpg,886.0,14:46,duplicate
271,26610,/content/drive/MyDrive/인지프/aeaa_lora_weights/dropped_duplicate_frames/dup_00271.jpg,887.0,14:47,duplicate
272,26640,/content/drive/MyDrive/인지프/aeaa_lora_weights/dropped_duplicate_frames/dup_00272.jpg,888.0,14:48,duplicate
273,26670,/content/drive/MyDrive/인지프/aeaa_lora_weights/dropped_duplicate_frames/dup_00273.jpg,889.0,14:49,duplicate
274,26790,/content/drive/MyDrive/인지프/aeaa_lora_weights/dropped_duplicate_frames/dup_00274.jpg,893.0,14:53,duplicate
275,26820,/content/drive/MyDrive/인지프/aeaa_lora_weights/dropped_duplicate_frames/dup_00275.jpg,894.0,14:54,duplicate
276,26850,/content/drive/MyDrive/인지프/aeaa_lora_weights/dropped_duplicate_frames/dup_00276.jpg,895.0,14:55,duplicate
277,27180,/content/drive/MyDrive/인지프/aeaa_lora_weights/dropped_duplicate_frames/dup_00277.jpg,906.0,15:06,duplicate
278,27270,/content/drive/MyDrive/인지프/aeaa_lora_weights/dropped_duplicate_frames/dup_00278.jpg,909.0,15:09,duplicate
279,27360,/content/drive/MyDrive/인지프/aeaa_lora_weights/dropped_duplicate_frames/dup_00279.jpg,912.0,15:12,duplicate
280,27420,/content/drive/MyDrive/인지프/aeaa_lora_weights/dropped_duplicate_frames/dup_00280.jpg,914.0,15:14,duplicate
281,27600,/content/drive/MyDrive/인지프/aeaa_lora_weights/dropped_duplicate_frames/dup_00281.jpg,920.0,15:20,duplicate
282,27690,/content/drive/MyDrive/인지프/aeaa_lora_weights/dropped_duplicate_frames/dup_00282.jpg,923.0,15:23,duplicate
283,27750,/content/drive/MyDrive/인지프/aeaa_lora_weights/dropped_duplicate_frames/dup_00283.jpg,925.0,15:25,duplicate
284,27780,/content/drive/MyDrive/인지프/aeaa_lora_weights/dropped_duplicate_frames/dup_00284.jpg,926.0,15:26,duplicate
285,27810,/content/drive/MyDrive/인지프/aeaa_lora_weights/dropped_duplicate_frames/dup_00285.jpg,927.0,15:27,duplicate
286,28260,/content/drive/MyDrive/인지프/aeaa_lora_weights/dropped_duplicate_frames/dup_00286.jpg,942.0,15:42,duplicate
287,28410,/content/drive/MyDrive/인지프/aeaa_lora_weights/dropped_duplicate_frames/dup_00287.jpg,947.0,15:47,duplicate
288,28440,/content/drive/MyDrive/인지프/aeaa_lora_weights/dropped_duplicate_frames/dup_00288.jpg,948.0,15:48,duplicate
289,28530,/content/drive/MyDrive/인지프/aeaa_lora_weights/dropped_duplicate_frames/dup_00289.jpg,951.0,15:51,duplicate
290,29100,/content/drive/MyDrive/인지프/aeaa_lora_weights/dropped_duplicate_frames/dup_00290.jpg,970.0,16:10,duplicate
291,29190,/content/drive/MyDrive/인지프/aeaa_lora_weights/dropped_duplicate_frames/dup_00291.jpg,973.0,16:13,duplicate
292,29220,/content/drive/MyDrive/인지프/aeaa_lora_weights/dropped_duplicate_frames/dup_00292.jpg,974.0,16:14,duplicate
293,29580,/content/drive/MyDrive/인지프/aeaa_lora_weights/dropped_duplicate_frames/dup_00293.jpg,986.0,16:26,duplicate
294,29910,/content/drive/MyDrive/인지프/aeaa_lora_weights/dropped_duplicate_frames/dup_00294.jpg,997.0,16:37,duplicate
295,29940,/content/drive/MyDrive/인지프/aeaa_lora_weights/dropped_duplicate_frames/dup_00295.jpg,998.0,16:38,duplicate
296,30030,/content/drive/MyDrive/인지프/aeaa_lora_weights/dropped_duplicate_frames/dup_00296.jpg,1001.0,16:41,duplicate
297,30060,/content/drive/MyDrive/인지프/aeaa_lora_weights/dropped_duplicate_frames/dup_00297.jpg,1002.0,16:42,duplicate
298,30210,/content/drive/MyDrive/인지프/aeaa_lora_weights/dropped_duplicate_frames/dup_00298.jpg,1007.0,16:47,duplicate
299,30360,/content/drive/MyDrive/인지프/aeaa_lora_weights/dropped_duplicate_frames/dup_00299.jpg,1012.0,16:52,duplicate
300,30540,/content/drive/MyDrive/인지프/aeaa_lora_weights/dropped_duplicate_frames/dup_00300.jpg,1018.0,16:58,duplicate
301,30570,/content/drive/MyDrive/인지프/aeaa_lora_weights/dropped_duplicate_frames/dup_00301.jpg,1019.0,16:59,duplicate
302,30690,/content/drive/MyDrive/인지프/aeaa_lora_weights/dropped_duplicate_frames/dup_00302.jpg,1023.0,17:03,duplicate
303,30720,/content/drive/MyDrive/인지프/aeaa_lora_weights/dropped_duplicate_frames/dup_00303.jpg,1024.0,17:04,duplicate
304,30780,/content/drive/MyDrive/인지프/aeaa_lora_weights/dropped_duplicate_frames/dup_00304.jpg,1026.0,17:06,duplicate
305,30840,/content/drive/MyDrive/인지프/aeaa_lora_weights/dropped_duplicate_frames/dup_00305.jpg,1028.0,17:08,duplicate
306,31140,/content/drive/MyDrive/인지프/aeaa_lora_weights/dropped_duplicate_frames/dup_00306.jpg,1038.0,17:18,duplicate
307,31170,/content/drive/MyDrive/인지프/aeaa_lora_weights/dropped_duplicate_frames/dup_00307.jpg,1039.0,17:19,duplicate
308,31200,/content/drive/MyDrive/인지프/aeaa_lora_weights/dropped_duplicate_frames/dup_00308.jpg,1040.0,17:20,duplicate
309,31230,/content/drive/MyDrive/인지프/aeaa_lora_weights/dropped_duplicate_frames/dup_00309.jpg,1041.0,17:21,duplicate
310,31260,/content/drive/MyDrive/인지프/aeaa_lora_weights/dropped_duplicate_frames/dup_00310.jpg,1042.0,17:22,duplicate
311,31320,/content/drive/MyDrive/인지프/aeaa_lora_weights/dropped_duplicate_frames/dup_00311.jpg,1044.0,17:24,duplicate
312,31350,/content/drive/MyDrive/인지프/aeaa_lora_weights/dropped_duplicate_frames/dup_00312.jpg,1045.0,17:25,duplicate
313,31380,/content/drive/MyDrive/인지프/aeaa_lora_weights/dropped_duplicate_frames/dup_00313.jpg,1046.0,17:26,duplicate
314,31440,/content/drive/MyDrive/인지프/aeaa_lora_weights/dropped_duplicate_frames/dup_00314.jpg,1048.0,17:28,duplicate
315,31470,/content/drive/MyDrive/인지프/aeaa_lora_weights/dropped_duplicate_frames/dup_00315.jpg,1049.0,17:29,duplicate
316,31500,/content/drive/MyDrive/인지프/aeaa_lora_weights/dropped_duplicate_frames/dup_00316.jpg,1050.0,17:30,duplicate
317,31530,/content/drive/MyDrive/인지프/aeaa_lora_weights/dropped_duplicate_frames/dup_00317.jpg,1051.0,17:31,duplicate
318,31560,/content/drive/MyDrive/인지프/aeaa_lora_weights/dropped_duplicate_frames/dup_00318.jpg,1052.0,17:32,duplicate
319,31590,/content/drive/MyDrive/인지프/aeaa_lora_weights/dropped_duplicate_frames/dup_00319.jpg,1053.0,17:33,duplicate
320,31620,/content/drive/MyDrive/인지프/aeaa_lora_weights/dropped_duplicate_frames/dup_00320.jpg,1054.0,17:34,duplicate
321,31650,/content/drive/MyDrive/인지프/aeaa_lora_weights/dropped_duplicate_frames/dup_00321.jpg,1055.0,17:35,duplicate
322,31710,/content/drive/MyDrive/인지프/aeaa_lora_weights/dropped_duplicate_frames/dup_00322.jpg,1057.0,17:37,duplicate
323,31740,/content/drive/MyDrive/인지프/aeaa_lora_weights/dropped_duplicate_frames/dup_00323.jpg,1058.0,17:38,duplicate
324,31770,/content/drive/MyDrive/인지프/aeaa_lora_weights/dropped_duplicate_frames/dup_00324.jpg,1059.0,17:39,duplicate
325,31800,/content/drive/MyDrive/인지프/aeaa_lora_weights/dropped_duplicate_frames/dup_00325.jpg,1060.0,17:40,duplicate
326,31830,/content/drive/MyDrive/인지프/aeaa_lora_weights/dropped_duplicate_frames/dup_00326.jpg,1061.0,17:41,duplicate
327,31860,/content/drive/MyDrive/인지프/aeaa_lora_weights/dropped_duplicate_frames/dup_00327.jpg,1062.0,17:42,duplicate
328,31920,/content/drive/MyDrive/인지프/aeaa_lora_weights/dropped_duplicate_frames/dup_00328.jpg,1064.0,17:44,duplicate
329,31950,/content/drive/MyDrive/인지프/aeaa_lora_weights/dropped_duplicate_frames/dup_00329.jpg,1065.0,17:45,duplicate
330,31980,/content/drive/MyDrive/인지프/aeaa_lora_weights/dropped_duplicate_frames/dup_00330.jpg,1066.0,17:46,duplicate
331,32040,/content/drive/MyDrive/인지프/aeaa_lora_weights/dropped_duplicate_frames/dup_00331.jpg,1068.0,17:48,duplicate
332,32100,/content/drive/MyDrive/인지프/aeaa_lora_weights/dropped_duplicate_frames/dup_00332.jpg,1070.0,17:50,duplicate
333,32160,/content/drive/MyDrive/인지프/aeaa_lora_weights/dropped_duplicate_frames/dup_00333.jpg,1072.0,17:52,duplicate
334,32190,/content/drive/MyDrive/인지프/aeaa_lora_weights/dropped_duplicate_frames/dup_00334.jpg,1073.0,17:53,duplicate
335,32220,/content/drive/MyDrive/인지프/aeaa_lora_weights/dropped_duplicate_frames/dup_00335.jpg,1074.0,17:54,duplicate
336,32250,/content/drive/MyDrive/인지프/aeaa_lora_weights/dropped_duplicate_frames/dup_00336.jpg,1075.0,17:55,duplicate
337,32280,/content/drive/MyDrive/인지프/aeaa_lora_weights/dropped_duplicate_frames/dup_00337.jpg,1076.0,17:56,duplicate
338,32430,/content/drive/MyDrive/인지프/aeaa_lora_weights/dropped_duplicate_frames/dup_00338.jpg,1081.0,18:01,duplicate
339,32460,/content/drive/MyDrive/인지프/aeaa_lora_weights/dropped_duplicate_frames/dup_00339.jpg,1082.0,18:02,duplicate
340,32490,/content/drive/MyDrive/인지프/aeaa_lora_weights/dropped_duplicate_frames/dup_00340.jpg,1083.0,18:03,duplicate
341,32610,/content/drive/MyDrive/인지프/aeaa_lora_weights/dropped_duplicate_frames/dup_00341.jpg,1087.0,18:07,duplicate
342,32790,/content/drive/MyDrive/인지프/aeaa_lora_weights/dropped_duplicate_frames/dup_00342.jpg,1093.0,18:13,duplicate
343,32820,/content/drive/MyDrive/인지프/aeaa_lora_weights/dropped_duplicate_frames/dup_00343.jpg,1094.0,18:14,duplicate
344,32880,/content/drive/MyDrive/인지프/aeaa_lora_weights/dropped_duplicate_frames/dup_00344.jpg,1096.0,18:16,duplicate
345,32970,/content/drive/MyDrive/인지프/aeaa_lora_weights/dropped_duplicate_frames/dup_00345.jpg,1099.0,18:19,duplicate
346,33000,/content/drive/MyDrive/인지프/aeaa_lora_weights/dropped_duplicate_frames/dup_00346.jpg,1100.0,18:20,duplicate
347,33060,/content/drive/MyDrive/인지프/aeaa_lora_weights/dropped_duplicate_frames/dup_00347.jpg,1102.0,18:22,duplicate
348,33090,/content/drive/MyDrive/인지프/aeaa_lora_weights/dropped_duplicate_frames/dup_00348.jpg,1103.0,18:23,duplicate
349,33120,/content/drive/MyDrive/인지프/aeaa_lora_weights/dropped_duplicate_frames/dup_00349.jpg,1104.0,18:24,duplicate
350,33150,/content/drive/MyDrive/인지프/aeaa_lora_weights/dropped_duplicate_frames/dup_00350.jpg,1105.0,18:25,duplicate
351,33180,/content/drive/MyDrive/인지프/aeaa_lora_weights/dropped_duplicate_frames/dup_00351.jpg,1106.0,18:26,duplicate
352,33210,/content/drive/MyDrive/인지프/aeaa_lora_weights/dropped_duplicate_frames/dup_00352.jpg,1107.0,18:27,duplicate
353,33300,/content/drive/MyDrive/인지프/aeaa_lora_weights/dropped_duplicate_frames/dup_00353.jpg,1110.0,18:30,duplicate
354,33390,/content/drive/MyDrive/인지프/aeaa_lora_weights/dropped_duplicate_frames/dup_00354.jpg,1113.0,18:33,duplicate
355,33420,/content/drive/MyDrive/인지프/aeaa_lora_weights/dropped_duplicate_frames/dup_00355.jpg,1114.0,18:34,duplicate
356,33480,/content/drive/MyDrive/인지프/aeaa_lora_weights/dropped_duplicate_frames/dup_00356.jpg,1116.0,18:36,duplicate
357,33510,/content/drive/MyDrive/인지프/aeaa_lora_weights/dropped_duplicate_frames/dup_00357.jpg,1117.0,18:37,duplicate
358,33660,/content/drive/MyDrive/인지프/aeaa_lora_weights/dropped_duplicate_frames/dup_00358.jpg,1122.0,18:42,duplicate
359,33690,/content/drive/MyDrive/인지프/aeaa_lora_weights/dropped_duplicate_frames/dup_00359.jpg,1123.0,18:43,duplicate
360,33720,/content/drive/MyDrive/인지프/aeaa_lora_weights/dropped_duplicate_frames/dup_00360.jpg,1124.0,18:44,duplicate
361,33750,/content/drive/MyDrive/인지프/aeaa_lora_weights/dropped_duplicate_frames/dup_00361.jpg,1125.0,18:45,duplicate
362,33780,/content/drive/MyDrive/인지프/aeaa_lora_weights/dropped_duplicate_frames/dup_00362.jpg,1126.0,18:46,duplicate
363,33840,/content/drive/MyDrive/인지프/aeaa_lora_weights/dropped_duplicate_frames/dup_00363.jpg,1128.0,18:48,duplicate
364,33900,/content/drive/MyDrive/인지프/aeaa_lora_weights/dropped_duplicate_frames/dup_00364.jpg,1130.0,18:50,duplicate
365,33960,/content/drive/MyDrive/인지프/aeaa_lora_weights/dropped_duplicate_frames/dup_00365.jpg,1132.0,18:52,duplicate
366,33990,/content/drive/MyDrive/인지프/aeaa_lora_weights/dropped_duplicate_frames/dup_00366.jpg,1133.0,18:53,duplicate
367,34050,/content/drive/MyDrive/인지프/aeaa_lora_weights/dropped_duplicate_frames/dup_00367.jpg,1135.0,18:55,duplicate
368,34380,/content/drive/MyDrive/인지프/aeaa_lora_weights/dropped_duplicate_frames/dup_00368.jpg,1146.0,19:06,duplicate
369,34590,/content/drive/MyDrive/인지프/aeaa_lora_weights/dropped_duplicate_frames/dup_00369.jpg,1153.0,19:13,duplicate
370,34650,/content/drive/MyDrive/인지프/aeaa_lora_weights/dropped_duplicate_frames/dup_00370.jpg,1155.0,19:15,duplicate
371,34740,/content/drive/MyDrive/인지프/aeaa_lora_weights/dropped_duplicate_frames/dup_00371.jpg,1158.0,19:18,duplicate
372,34770,/content/drive/MyDrive/인지프/aeaa_lora_weights/dropped_duplicate_frames/dup_00372.jpg,1159.0,19:19,duplicate
373,34920,/content/drive/MyDrive/인지프/aeaa_lora_weights/dropped_duplicate_frames/dup_00373.jpg,1164.0,19:24,duplicate
374,34950,/content/drive/MyDrive/인지프/aeaa_lora_weights/dropped_duplicate_frames/dup_00374.jpg,1165.0,19:25,duplicate
375,35040,/content/drive/MyDrive/인지프/aeaa_lora_weights/dropped_duplicate_frames/dup_00375.jpg,1168.0,19:28,duplicate
376,35070,/content/drive/MyDrive/인지프/aeaa_lora_weights/dropped_duplicate_frames/dup_00376.jpg,1169.0,19:29,duplicate
377,35130,/content/drive/MyDrive/인지프/aeaa_lora_weights/dropped_duplicate_frames/dup_00377.jpg,1171.0,19:31,duplicate
378,35160,/content/drive/MyDrive/인지프/aeaa_lora_weights/dropped_duplicate_frames/dup_00378.jpg,1172.0,19:32,duplicate
379,35220,/content/drive/MyDrive/인지프/aeaa_lora_weights/dropped_duplicate_frames/dup_00379.jpg,1174.0,19:34,duplicate
380,35820,/content/drive/MyDrive/인지프/aeaa_lora_weights/dropped_duplicate_frames/dup_00380.jpg,1194.0,19:54,duplicate
381,35850,/content/drive/MyDrive/인지프/aeaa_lora_weights/dropped_duplicate_frames/dup_00381.jpg,1195.0,19:55,duplicate
382,35880,/content/drive/MyDrive/인지프/aeaa_lora_weights/dropped_duplicate_frames/dup_00382.jpg,1196.0,19:56,duplicate
383,35910,/content/drive/MyDrive/인지프/aeaa_lora_weights/dropped_duplicate_frames/dup_00383.jpg,1197.0,19:57,duplicate
384,36000,/content/drive/MyDrive/인지프/aeaa_lora_weights/dropped_duplicate_frames/dup_00384.jpg,1200.0,20:00,duplicate
385,36030,/content/drive/MyDrive/인지프/aeaa_lora_weights/dropped_duplicate_frames/dup_00385.jpg,1201.0,20:01,duplicate
386,36120,/content/drive/MyDrive/인지프/aeaa_lora_weights/dropped_duplicate_frames/dup_00386.jpg,1204.0,20:04,duplicate
387,36390,/content/drive/MyDrive/인지프/aeaa_lora_weights/dropped_duplicate_frames/dup_00387.jpg,1213.0,20:13,duplicate
388,36420,/content/drive/MyDrive/인지프/aeaa_lora_weights/dropped_duplicate_frames/dup_00388.jpg,1214.0,20:14,duplicate
389,36450,/content/drive/MyDrive/인지프/aeaa_lora_weights/dropped_duplicate_frames/dup_00389.jpg,1215.0,20:15,duplicate
390,36480,/content/drive/MyDrive/인지프/aeaa_lora_weights/dropped_duplicate_frames/dup_00390.jpg,1216.0,20:16,duplicate
391,36510,/content/drive/MyDrive/인지프/aeaa_lora_weights/dropped_duplicate_frames/dup_00391.jpg,1217.0,20:17,duplicate
392,36540,/content/drive/MyDrive/인지프/aeaa_lora_weights/dropped_duplicate_frames/dup_00392.jpg,1218.0,20:18,duplicate
393,37170,/content/drive/MyDrive/인지프/aeaa_lora_weights/dropped_duplicate_frames/dup_00393.jpg,1239.0,20:39,duplicate
394,37860,/content/drive/MyDrive/인지프/aeaa_lora_weights/dropped_duplicate_frames/dup_00394.jpg,1262.0,21:02,duplicate
395,37890,/content/drive/MyDrive/인지프/aeaa_lora_weights/dropped_duplicate_frames/dup_00395.jpg,1263.0,21:03,duplicate
396,37920,/content/drive/MyDrive/인지프/aeaa_lora_weights/dropped_duplicate_frames/dup_00396.jpg,1264.0,21:04,duplicate
397,37950,/content/drive/MyDrive/인지프/aeaa_lora_weights/dropped_duplicate_frames/dup_00397.jpg,1265.0,21:05,duplicate
398,38100,/content/drive/MyDrive/인지프/aeaa_lora_weights/dropped_duplicate_frames/dup_00398.jpg,1270.0,21:10,duplicate
399,38130,/content/drive/MyDrive/인지프/aeaa_lora_weights/dropped_duplicate_frames/dup_00399.jpg,1271.0,21:11,duplicate
400,38160,/content/drive/MyDrive/인지프/aeaa_lora_weights/dropped_duplicate_frames/dup_00400.jpg,1272.0,21:12,duplicate
401,38640,/content/drive/MyDrive/인지프/aeaa_lora_weights/dropped_duplicate_frames/dup_00401.jpg,1288.0,21:28,duplicate
402,38730,/content/drive/MyDrive/인지프/aeaa_lora_weights/dropped_duplicate_frames/dup_00402.jpg,1291.0,21:31,duplicate
403,39150,/content/drive/MyDrive/인지프/aeaa_lora_weights/dropped_duplicate_frames/dup_00403.jpg,1305.0,21:45,duplicate
404,39180,/content/drive/MyDrive/인지프/aeaa_lora_weights/dropped_duplicate_frames/dup_00404.jpg,1306.0,21:46,duplicate
405,39210,/content/drive/MyDrive/인지프/aeaa_lora_weights/dropped_duplicate_frames/dup_00405.jpg,1307.0,21:47,duplicate
406,39240,/content/drive/MyDrive/인지프/aeaa_lora_weights/dropped_duplicate_frames/dup_00406.jpg,1308.0,21:48,duplicate
407,39270,/content/drive/MyDrive/인지프/aeaa_lora_weights/dropped_duplicate_frames/dup_00407.jpg,1309.0,21:49,duplicate
408,39300,/content/drive/MyDrive/인지프/aeaa_lora_weights/dropped_duplicate_frames/dup_00408.jpg,1310.0,21:50,duplicate
409,39390,/content/drive/MyDrive/인지프/aeaa_lora_weights/dropped_duplicate_frames/dup_00409.jpg,1313.0,21:53,duplicate
410,39420,/content/drive/MyDrive/인지프/aeaa_lora_weights/dropped_duplicate_frames/dup_00410.jpg,1314.0,21:54,duplicate
411,39510,/content/drive/MyDrive/인지프/aeaa_lora_weights/dropped_duplicate_frames/dup_00411.jpg,1317.0,21:57,duplicate
412,39630,/content/drive/MyDrive/인지프/aeaa_lora_weights/dropped_duplicate_frames/dup_00412.jpg,1321.0,22:01,duplicate
413,40050,/content/drive/MyDrive/인지프/aeaa_lora_weights/dropped_duplicate_frames/dup_00413.jpg,1335.0,22:15,duplicate
414,40110,/content/drive/MyDrive/인지프/aeaa_lora_weights/dropped_duplicate_frames/dup_00414.jpg,1337.0,22:17,duplicate
415,40530,/content/drive/MyDrive/인지프/aeaa_lora_weights/dropped_duplicate_frames/dup_00415.jpg,1351.0,22:31,duplicate
416,40560,/content/drive/MyDrive/인지프/aeaa_lora_weights/dropped_duplicate_frames/dup_00416.jpg,1352.0,22:32,duplicate
417,40680,/content/drive/MyDrive/인지프/aeaa_lora_weights/dropped_duplicate_frames/dup_00417.jpg,1356.0,22:36,duplicate
418,40740,/content/drive/MyDrive/인지프/aeaa_lora_weights/dropped_duplicate_frames/dup_00418.jpg,1358.0,22:38,duplicate
419,40860,/content/drive/MyDrive/인지프/aeaa_lora_weights/dropped_duplicate_frames/dup_00419.jpg,1362.0,22:42,duplicate
420,40890,/content/drive/MyDrive/인지프/aeaa_lora_weights/dropped_duplicate_frames/dup_00420.jpg,1363.0,22:43,duplicate
421,40920,/content/drive/MyDrive/인지프/aeaa_lora_weights/dropped_duplicate_frames/dup_00421.jpg,1364.0,22:44,duplicate
422,40950,/content/drive/MyDrive/인지프/aeaa_lora_weights/dropped_duplicate_frames/dup_00422.jpg,1365.0,22:45,duplicate
423,41010,/content/drive/MyDrive/인지프/aeaa_lora_weights/dropped_duplicate_frames/dup_00423.jpg,1367.0,22:47,duplicate
424,41430,/content/drive/MyDrive/인지프/aeaa_lora_weights/dropped_duplicate_frames/dup_00424.jpg,1381.0,23:01,duplicate
425,41460,/content/drive/MyDrive/인지프/aeaa_lora_weights/dropped_duplicate_frames/dup_00425.jpg,1382.0,23:02,duplicate
426,41490,/content/drive/MyDrive/인지프/aeaa_lora_weights/dropped_duplicate_frames/dup_00426.jpg,1383.0,23:03,duplicate
427,41700,/content/drive/MyDrive/인지프/aeaa_lora_weights/dropped_duplicate_frames/dup_00427.jpg,1390.0,23:10,duplicate
428,41760,/content/drive/MyDrive/인지프/aeaa_lora_weights/dropped_duplicate_frames/dup_00428.jpg,1392.0,23:12,duplicate
429,41820,/content/drive/MyDrive/인지프/aeaa_lora_weights/dropped_duplicate_frames/dup_00429.jpg,1394.0,23:14,duplicate
430,41880,/content/drive/MyDrive/인지프/aeaa_lora_weights/dropped_duplicate_frames/dup_00430.jpg,1396.0,23:16,duplicate
431,41940,/content/drive/MyDrive/인지프/aeaa_lora_weights/dropped_duplicate_frames/dup_00431.jpg,1398.0,23:18,duplicate
432,41970,/content/drive/MyDrive/인지프/aeaa_lora_weights/dropped_duplicate_frames/dup_00432.jpg,1399.0,23:19,duplicate
433,42000,/content/drive/MyDrive/인지프/aeaa_lora_weights/dropped_duplicate_frames/dup_00433.jpg,1400.0,23:20,duplicate
434,42030,/content/drive/MyDrive/인지프/aeaa_lora_weights/dropped_duplicate_frames/dup_00434.jpg,1401.0,23:21,duplicate
435,42060,/content/drive/MyDrive/인지프/aeaa_lora_weights/dropped_duplicate_frames/dup_00435.jpg,1402.0,23:22,duplicate
436,42090,/content/drive/MyDrive/인지프/aeaa_lora_weights/dropped_duplicate_frames/dup_00436.jpg,1403.0,23:23,duplicate
437,42150,/content/drive/MyDrive/인지프/aeaa_lora_weights/dropped_duplicate_frames/dup_00437.jpg,1405.0,23:25,duplicate
438,42210,/content/drive/MyDrive/인지프/aeaa_lora_weights/dropped_duplicate_frames/dup_00438.jpg,1407.0,23:27,duplicate
439,42240,/content/drive/MyDrive/인지프/aeaa_lora_weights/dropped_duplicate_frames/dup_00439.jpg,1408.0,23:28,duplicate
440,42270,/content/drive/MyDrive/인지프/aeaa_lora_weights/dropped_duplicate_frames/dup_00440.jpg,1409.0,23:29,duplicate
441,42300,/content/drive/MyDrive/인지프/aeaa_lora_weights/dropped_duplicate_frames/dup_00441.jpg,1410.0,23:30,duplicate
442,42330,/content/drive/MyDrive/인지프/aeaa_lora_weights/dropped_duplicate_frames/dup_00442.jpg,1411.0,23:31,duplicate
443,42360,/content/drive/MyDrive/인지프/aeaa_lora_weights/dropped_duplicate_frames/dup_00443.jpg,1412.0,23:32,duplicate
444,42390,/content/drive/MyDrive/인지프/aeaa_lora_weights/dropped_duplicate_frames/dup_00444.jpg,1413.0,23:33,duplicate
445,42450,/content/drive/MyDrive/인지프/aeaa_lora_weights/dropped_duplicate_frames/dup_00445.jpg,1415.0,23:35,duplicate
446,42660,/content/drive/MyDrive/인지프/aeaa_lora_weights/dropped_duplicate_frames/dup_00446.jpg,1422.0,23:42,duplicate
447,42750,/content/drive/MyDrive/인지프/aeaa_lora_weights/dropped_duplicate_frames/dup_00447.jpg,1425.0,23:45,duplicate
448,42780,/content/drive/MyDrive/인지프/aeaa_lora_weights/dropped_duplicate_frames/dup_00448.jpg,1426.0,23:46,duplicate
449,42810,/content/drive/MyDrive/인지프/aeaa_lora_weights/dropped_duplicate_frames/dup_00449.jpg,1427.0,23:47,duplicate
450,42990,/content/drive/MyDrive/인지프/aeaa_lora_weights/dropped_duplicate_frames/dup_00450.jpg,1433.0,23:53,duplicate
451,43260,/content/drive/MyDrive/인지프/aeaa_lora_weights/dropped_duplicate_frames/dup_00451.jpg,1442.0,24:02,duplicate
452,43350,/content/drive/MyDrive/인지프/aeaa_lora_weights/dropped_duplicate_frames/dup_00452.jpg,1445.0,24:05,duplicate
453,43440,/content/drive/MyDrive/인지프/aeaa_lora_weights/dropped_duplicate_frames/dup_00453.jpg,1448.0,24:08,duplicate
454,43470,/content/drive/MyDrive/인지프/aeaa_lora_weights/dropped_duplicate_frames/dup_00454.jpg,1449.0,24:09,duplicate
455,43500,/content/drive/MyDrive/인지프/aeaa_lora_weights/dropped_duplicate_frames/dup_00455.jpg,1450.0,24:10,duplicate
456,43560,/content/drive/MyDrive/인지프/aeaa_lora_weights/dropped_duplicate_frames/dup_00456.jpg,1452.0,24:12,duplicate
457,43620,/content/drive/MyDrive/인지프/aeaa_lora_weights/dropped_duplicate_frames/dup_00457.jpg,1454.0,24:14,duplicate
458,43650,/content/drive/MyDrive/인지프/aeaa_lora_weights/dropped_duplicate_frames/dup_00458.jpg,1455.0,24:15,duplicate
459,43680,/content/drive/MyDrive/인지프/aeaa_lora_weights/dropped_duplicate_frames/dup_00459.jpg,1456.0,24:16,duplicate
460,43710,/content/drive/MyDrive/인지프/aeaa_lora_weights/dropped_duplicate_frames/dup_00460.jpg,1457.0,24:17,duplicate
461,43770,/content/drive/MyDrive/인지프/aeaa_lora_weights/dropped_duplicate_frames/dup_00461.jpg,1459.0,24:19,duplicate
462,44070,/content/drive/MyDrive/인지프/aeaa_lora_weights/dropped_duplicate_frames/dup_00462.jpg,1469.0,24:29,duplicate
463,44130,/content/drive/MyDrive/인지프/aeaa_lora_weights/dropped_duplicate_frames/dup_00463.jpg,1471.0,24:31,duplicate
464,44250,/content/drive/MyDrive/인지프/aeaa_lora_weights/dropped_duplicate_frames/dup_00464.jpg,1475.0,24:35,duplicate
465,44280,/content/drive/MyDrive/인지프/aeaa_lora_weights/dropped_duplicate_frames/dup_00465.jpg,1476.0,24:36,duplicate
466,44460,/content/drive/MyDrive/인지프/aeaa_lora_weights/dropped_duplicate_frames/dup_00466.jpg,1482.0,24:42,duplicate
467,44520,/content/drive/MyDrive/인지프/aeaa_lora_weights/dropped_duplicate_frames/dup_00467.jpg,1484.0,24:44,duplicate
468,45270,/content/drive/MyDrive/인지프/aeaa_lora_weights/dropped_duplicate_frames/dup_00468.jpg,1509.0,25:09,duplicate
469,45300,/content/drive/MyDrive/인지프/aeaa_lora_weights/dropped_duplicate_frames/dup_00469.jpg,1510.0,25:10,duplicate
470,45450,/content/drive/MyDrive/인지프/aeaa_lora_weights/dropped_duplicate_frames/dup_00470.jpg,1515.0,25:15,duplicate
471,45720,/content/drive/MyDrive/인지프/aeaa_lora_weights/dropped_duplicate_frames/dup_00471.jpg,1524.0,25:24,duplicate
472,46020,/content/drive/MyDrive/인지프/aeaa_lora_weights/dropped_duplicate_frames/dup_00472.jpg,1534.0,25:34,duplicate
473,46140,/content/drive/MyDrive/인지프/aeaa_lora_weights/dropped_duplicate_frames/dup_00473.jpg,1538.0,25:38,duplicate
474,46320,/content/drive/MyDrive/인지프/aeaa_lora_weights/dropped_duplicate_frames/dup_00474.jpg,1544.0,25:44,duplicate
475,46680,/content/drive/MyDrive/인지프/aeaa_lora_weights/dropped_duplicate_frames/dup_00475.jpg,1556.0,25:56,duplicate
476,47040,/content/drive/MyDrive/인지프/aeaa_lora_weights/dropped_duplicate_frames/dup_00476.jpg,1568.0,26:08,duplicate
477,47070,/content/drive/MyDrive/인지프/aeaa_lora_weights/dropped_duplicate_frames/dup_00477.jpg,1569.0,26:09,duplicate
478,47100,/content/drive/MyDrive/인지프/aeaa_lora_weights/dropped_duplicate_frames/dup_00478.jpg,1570.0,26:10,duplicate
479,47220,/content/drive/MyDrive/인지프/aeaa_lora_weights/dropped_duplicate_frames/dup_00479.jpg,1574.0,26:14,duplicate
480,47310,/content/drive/MyDrive/인지프/aeaa_lora_weights/dropped_duplicate_frames/dup_00480.jpg,1577.0,26:17,duplicate
481,47340,/content/drive/MyDrive/인지프/aeaa_lora_weights/dropped_duplicate_frames/dup_00481.jpg,1578.0,26:18,duplicate
482,47370,/content/drive/MyDrive/인지프/aeaa_lora_weights/dropped_duplicate_frames/dup_00482.jpg,1579.0,26:19,duplicate
483,47400,/content/drive/MyDrive/인지프/aeaa_lora_weights/dropped_duplicate_frames/dup_00483.jpg,1580.0,26:20,duplicate
484,47730,/content/drive/MyDrive/인지프/aeaa_lora_weights/dropped_duplicate_frames/dup_00484.jpg,1591.0,26:31,duplicate
485,47760,/content/drive/MyDrive/인지프/aeaa_lora_weights/dropped_duplicate_frames/dup_00485.jpg,1592.0,26:32,duplicate
486,47790,/content/drive/MyDrive/인지프/aeaa_lora_weights/dropped_duplicate_frames/dup_00486.jpg,1593.0,26:33,duplicate
487,47940,/content/drive/MyDrive/인지프/aeaa_lora_weights/dropped_duplicate_frames/dup_00487.jpg,1598.0,26:38,duplicate
488,48300,/content/drive/MyDrive/인지프/aeaa_lora_weights/dropped_duplicate_frames/dup_00488.jpg,1610.0,26:50,duplicate
489,48810,/content/drive/MyDrive/인지프/aeaa_lora_weights/dropped_duplicate_frames/dup_00489.jpg,1627.0,27:07,duplicate
490,48900,/content/drive/MyDrive/인지프/aeaa_lora_weights/dropped_duplicate_frames/dup_00490.jpg,1630.0,27:10,duplicate
491,49200,/content/drive/MyDrive/인지프/aeaa_lora_weights/dropped_duplicate_frames/dup_00491.jpg,1640.0,27:20,duplicate
492,49650,/content/drive/MyDrive/인지프/aeaa_lora_weights/dropped_duplicate_frames/dup_00492.jpg,1655.0,27:35,duplicate
493,49680,/content/drive/MyDrive/인지프/aeaa_lora_weights/dropped_duplicate_frames/dup_00493.jpg,1656.0,27:36,duplicate
494,49830,/content/drive/MyDrive/인지프/aeaa_lora_weights/dropped_duplicate_frames/dup_00494.jpg,1661.0,27:41,duplicate
495,49860,/content/drive/MyDrive/인지프/aeaa_lora_weights/dropped_duplicate_frames/dup_00495.jpg,1662.0,27:42,duplicate
496,49950,/content/drive/MyDrive/인지프/aeaa_lora_weights/dropped_duplicate_frames/dup_00496.jpg,1665.0,27:45,duplicate
497,50100,/content/drive/MyDrive/인지프/aeaa_lora_weights/dropped_duplicate_frames/dup_00497.jpg,1670.0,27:50,duplicate
498,50280,/content/drive/MyDrive/인지프/aeaa_lora_weights/dropped_duplicate_frames/dup_00498.jpg,1676.0,27:56,duplicate
499,50340,/content/drive/MyDrive/인지프/aeaa_lora_weights/dropped_duplicate_frames/dup_00499.jpg,1678.0,27:58,duplicate
500,50370,/content/drive/MyDrive/인지프/aeaa_lora_weights/dropped_duplicate_frames/dup_00500.jpg,1679.0,27:59,duplicate
501,50400,/content/drive/MyDrive/인지프/aeaa_lora_weights/dropped_duplicate_frames/dup_00501.jpg,1680.0,28:00,duplicate
502,50430,/content/drive/MyDrive/인지프/aeaa_lora_weights/dropped_duplicate_frames/dup_00502.jpg,1681.0,28:01,duplicate
503,50460,/content/drive/MyDrive/인지프/aeaa_lora_weights/dropped_duplicate_frames/dup_00503.jpg,1682.0,28:02,duplicate
504,50490,/content/drive/MyDrive/인지프/aeaa_lora_weights/dropped_duplicate_frames/dup_00504.jpg,1683.0,28:03,duplicate
505,50520,/content/drive/MyDrive/인지프/aeaa_lora_weights/dropped_duplicate_frames/dup_00505.jpg,1684.0,28:04,duplicate
506,50550,/content/drive/MyDrive/인지프/aeaa_lora_weights/dropped_duplicate_frames/dup_00506.jpg,1685.0,28:05,duplicate
507,50580,/content/drive/MyDrive/인지프/aeaa_lora_weights/dropped_duplicate_frames/dup_00507.jpg,1686.0,28:06,duplicate
508,50610,/content/drive/MyDrive/인지프/aeaa_lora_weights/dropped_duplicate_frames/dup_00508.jpg,1687.0,28:07,duplicate
509,50640,/content/drive/MyDrive/인지프/aeaa_lora_weights/dropped_duplicate_frames/dup_00509.jpg,1688.0,28:08,duplicate
510,50670,/content/drive/MyDrive/인지프/aeaa_lora_weights/dropped_duplicate_frames/dup_00510.jpg,1689.0,28:09,duplicate
511,50730,/content/drive/MyDrive/인지프/aeaa_lora_weights/dropped_duplicate_frames/dup_00511.jpg,1691.0,28:11,duplicate
512,50760,/content/drive/MyDrive/인지프/aeaa_lora_weights/dropped_duplicate_frames/dup_00512.jpg,1692.0,28:12,duplicate
513,50790,/content/drive/MyDrive/인지프/aeaa_lora_weights/dropped_duplicate_frames/dup_00513.jpg,1693.0,28:13,duplicate
514,50910,/content/drive/MyDrive/인지프/aeaa_lora_weights/dropped_duplicate_frames/dup_00514.jpg,1697.0,28:17,duplicate
515,50970,/content/drive/MyDrive/인지프/aeaa_lora_weights/dropped_duplicate_frames/dup_00515.jpg,1699.0,28:19,duplicate
516,51120,/content/drive/MyDrive/인지프/aeaa_lora_weights/dropped_duplicate_frames/dup_00516.jpg,1704.0,28:24,duplicate
517,51180,/content/drive/MyDrive/인지프/aeaa_lora_weights/dropped_duplicate_frames/dup_00517.jpg,1706.0,28:26,duplicate
518,51390,/content/drive/MyDrive/인지프/aeaa_lora_weights/dropped_duplicate_frames/dup_00518.jpg,1713.0,28:33,duplicate
519,51450,/content/drive/MyDrive/인지프/aeaa_lora_weights/dropped_duplicate_frames/dup_00519.jpg,1715.0,28:35,duplicate
520,51510,/content/drive/MyDrive/인지프/aeaa_lora_weights/dropped_duplicate_frames/dup_00520.jpg,1717.0,28:37,duplicate
521,51570,/content/drive/MyDrive/인지프/aeaa_lora_weights/dropped_duplicate_frames/dup_00521.jpg,1719.0,28:39,duplicate
522,51600,/content/drive/MyDrive/인지프/aeaa_lora_weights/dropped_duplicate_frames/dup_00522.jpg,1720.0,28:40,duplicate
523,51630,/content/drive/MyDrive/인지프/aeaa_lora_weights/dropped_duplicate_frames/dup_00523.jpg,1721.0,28:41,duplicate
524,51690,/content/drive/MyDrive/인지프/aeaa_lora_weights/dropped_duplicate_frames/dup_00524.jpg,1723.0,28:43,duplicate
525,51750,/content/drive/MyDrive/인지프/aeaa_lora_weights/dropped_duplicate_frames/dup_00525.jpg,1725.0,28:45,duplicate
526,51780,/content/drive/MyDrive/인지프/aeaa_lora_weights/dropped_duplicate_frames/dup_00526.jpg,1726.0,28:46,duplicate
527,51840,/content/drive/MyDrive/인지프/aeaa_lora_weights/dropped_duplicate_frames/dup_00527.jpg,1728.0,28:48,duplicate
528,51870,/content/drive/MyDrive/인지프/aeaa_lora_weights/dropped_duplicate_frames/dup_00528.jpg,1729.0,28:49,duplicate
529,51930,/content/drive/MyDrive/인지프/aeaa_lora_weights/dropped_duplicate_frames/dup_00529.jpg,1731.0,28:51,duplicate
530,52020,/content/drive/MyDrive/인지프/aeaa_lora_weights/dropped_duplicate_frames/dup_00530.jpg,1734.0,28:54,duplicate
531,52050,/content/drive/MyDrive/인지프/aeaa_lora_weights/dropped_duplicate_frames/dup_00531.jpg,1735.0,28:55,duplicate
532,52140,/content/drive/MyDrive/인지프/aeaa_lora_weights/dropped_duplicate_frames/dup_00532.jpg,1738.0,28:58,duplicate
533,52170,/content/drive/MyDrive/인지프/aeaa_lora_weights/dropped_duplicate_frames/dup_00533.jpg,1739.0,28:59,duplicate
534,52410,/content/drive/MyDrive/인지프/aeaa_lora_weights/dropped_duplicate_frames/dup_00534.jpg,1747.0,29:07,duplicate
535,52560,/content/drive/MyDrive/인지프/aeaa_lora_weights/dropped_duplicate_frames/dup_00535.jpg,1752.0,29:12,duplicate
536,52650,/content/drive/MyDrive/인지프/aeaa_lora_weights/dropped_duplicate_frames/dup_00536.jpg,1755.0,29:15,duplicate
537,52680,/content/drive/MyDrive/인지프/aeaa_lora_weights/dropped_duplicate_frames/dup_00537.jpg,1756.0,29:16,duplicate
538,52710,/content/drive/MyDrive/인지프/aeaa_lora_weights/dropped_duplicate_frames/dup_00538.jpg,1757.0,29:17,duplicate
539,52770,/content/drive/MyDrive/인지프/aeaa_lora_weights/dropped_duplicate_frames/dup_00539.jpg,1759.0,29:19,duplicate
540,52800,/content/drive/MyDrive/인지프/aeaa_lora_weights/dropped_duplicate_frames/dup_00540.jpg,1760.0,29:20,duplicate
541,52830,/content/drive/MyDrive/인지프/aeaa_lora_weights/dropped_duplicate_frames/dup_00541.jpg,1761.0,29:21,duplicate
542,52860,/content/drive/MyDrive/인지프/aeaa_lora_weights/dropped_duplicate_frames/dup_00542.jpg,1762.0,29:22,duplicate
543,52890,/content/drive/MyDrive/인지프/aeaa_lora_weights/dropped_duplicate_frames/dup_00543.jpg,1763.0,29:23,duplicate
