frame_id,original_frame_idx,frame_path,timestamp,timestamp_str
0,150,/content/drive/MyDrive/인지프/aeaa_lora_weights/frames/frame_00000.jpg,5.0,00:05
1,360,/content/drive/MyDrive/인지프/aeaa_lora_weights/frames/frame_00001.jpg,12.0,00:12
2,390,/content/drive/MyDrive/인지프/aeaa_lora_weights/frames/frame_00002.jpg,13.0,00:13
3,480,/content/drive/MyDrive/인지프/aeaa_lora_weights/frames/frame_00003.jpg,16.0,00:16
4,510,/content/drive/MyDrive/인지프/aeaa_lora_weights/frames/frame_00004.jpg,17.0,00:17
5,540,/content/drive/MyDrive/인지프/aeaa_lora_weights/frames/frame_00005.jpg,18.0,00:18
6,570,/content/drive/MyDrive/인지프/aeaa_lora_weights/frames/frame_00006.jpg,19.0,00:19
7,720,/content/drive/MyDrive/인지프/aeaa_lora_weights/frames/frame_00007.jpg,24.0,00:24
8,780,/content/drive/MyDrive/인지프/aeaa_lora_weights/frames/frame_00008.jpg,26.0,00:26
9,810,/content/drive/MyDrive/인지프/aeaa_lora_weights/frames/frame_00009.jpg,27.0,00:27
10,840,/content/drive/MyDrive/인지프/aeaa_lora_weights/frames/frame_00010.jpg,28.0,00:28
11,870,/content/drive/MyDrive/인지프/aeaa_lora_weights/frames/frame_00011.jpg,29.0,00:29
12,900,/content/drive/MyDrive/인지프/aeaa_lora_weights/frames/frame_00012.jpg,30.0,00:30
13,930,/content/drive/MyDrive/인지프/aeaa_lora_weights/frames/frame_00013.jpg,31.0,00:31
14,960,/content/drive/MyDrive/인지프/aeaa_lora_weights/frames/frame_00014.jpg,32.0,00:32
15,990,/content/drive/MyDrive/인지프/aeaa_lora_weights/frames/frame_00015.jpg,33.0,00:33
16,1050,/content/drive/MyDrive/인지프/aeaa_lora_weights/frames/frame_00016.jpg,35.0,00:35
17,1230,/content/drive/MyDrive/인지프/aeaa_lora_weights/frames/frame_00017.jpg,41.0,00:41
18,1320,/content/drive/MyDrive/인지프/aeaa_lora_weights/frames/frame_00018.jpg,44.0,00:44
19,1380,/content/drive/MyDrive/인지프/aeaa_lora_weights/frames/frame_00019.jpg,46.0,00:46
20,1410,/content/drive/MyDrive/인지프/aeaa_lora_weights/frames/frame_00020.jpg,47.0,00:47
21,1470,/content/drive/MyDrive/인지프/aeaa_lora_weights/frames/frame_00021.jpg,49.0,00:49
22,1500,/content/drive/MyDrive/인지프/aeaa_lora_weights/frames/frame_00022.jpg,50.0,00:50
23,1560,/content/drive/MyDrive/인지프/aeaa_lora_weights/frames/frame_00023.jpg,52.0,00:52
24,1680,/content/drive/MyDrive/인지프/aeaa_lora_weights/frames/frame_00024.jpg,56.0,00:56
25,1800,/content/drive/MyDrive/인지프/aeaa_lora_weights/frames/frame_00025.jpg,60.0,01:00
26,1950,/content/drive/MyDrive/인지프/aeaa_lora_weights/frames/frame_00026.jpg,65.0,01:05
27,1980,/content/drive/MyDrive/인지프/aeaa_lora_weights/frames/frame_00027.jpg,66.0,01:06
28,2040,/content/drive/MyDrive/인지프/aeaa_lora_weights/frames/frame_00028.jpg,68.0,01:08
29,2190,/content/drive/MyDrive/인지프/aeaa_lora_weights/frames/frame_00029.jpg,73.0,01:13
30,2280,/content/drive/MyDrive/인지프/aeaa_lora_weights/frames/frame_00030.jpg,76.0,01:16
31,2340,/content/drive/MyDrive/인지프/aeaa_lora_weights/frames/frame_00031.jpg,78.0,01:18
32,2430,/content/drive/MyDrive/인지프/aeaa_lora_weights/frames/frame_00032.jpg,81.0,01:21
33,2460,/content/drive/MyDrive/인지프/aeaa_lora_weights/frames/frame_00033.jpg,82.0,01:22
34,2520,/content/drive/MyDrive/인지프/aeaa_lora_weights/frames/frame_00034.jpg,84.0,01:24
35,2610,/content/drive/MyDrive/인지프/aeaa_lora_weights/frames/frame_00035.jpg,87.0,01:27
36,2640,/content/drive/MyDrive/인지프/aeaa_lora_weights/frames/frame_00036.jpg,88.0,01:28
37,2670,/content/drive/MyDrive/인지프/aeaa_lora_weights/frames/frame_00037.jpg,89.0,01:29
38,2850,/content/drive/MyDrive/인지프/aeaa_lora_weights/frames/frame_00038.jpg,95.0,01:35
39,2880,/content/drive/MyDrive/인지프/aeaa_lora_weights/frames/frame_00039.jpg,96.0,01:36
40,2940,/content/drive/MyDrive/인지프/aeaa_lora_weights/frames/frame_00040.jpg,98.0,01:38
41,2970,/content/drive/MyDrive/인지프/aeaa_lora_weights/frames/frame_00041.jpg,99.0,01:39
42,3030,/content/drive/MyDrive/인지프/aeaa_lora_weights/frames/frame_00042.jpg,101.0,01:41
43,3090,/content/drive/MyDrive/인지프/aeaa_lora_weights/frames/frame_00043.jpg,103.0,01:43
44,3120,/content/drive/MyDrive/인지프/aeaa_lora_weights/frames/frame_00044.jpg,104.0,01:44
45,3180,/content/drive/MyDrive/인지프/aeaa_lora_weights/frames/frame_00045.jpg,106.0,01:46
46,3210,/content/drive/MyDrive/인지프/aeaa_lora_weights/frames/frame_00046.jpg,107.0,01:47
47,3270,/content/drive/MyDrive/인지프/aeaa_lora_weights/frames/frame_00047.jpg,109.0,01:49
48,3390,/content/drive/MyDrive/인지프/aeaa_lora_weights/frames/frame_00048.jpg,113.0,01:53
49,3480,/content/drive/MyDrive/인지프/aeaa_lora_weights/frames/frame_00049.jpg,116.0,01:56
50,3600,/content/drive/MyDrive/인지프/aeaa_lora_weights/frames/frame_00050.jpg,120.0,02:00
51,3630,/content/drive/MyDrive/인지프/aeaa_lora_weights/frames/frame_00051.jpg,121.0,02:01
52,3810,/content/drive/MyDrive/인지프/aeaa_lora_weights/frames/frame_00052.jpg,127.0,02:07
53,3900,/content/drive/MyDrive/인지프/aeaa_lora_weights/frames/frame_00053.jpg,130.0,02:10
54,3990,/content/drive/MyDrive/인지프/aeaa_lora_weights/frames/frame_00054.jpg,133.0,02:13
55,4020,/content/drive/MyDrive/인지프/aeaa_lora_weights/frames/frame_00055.jpg,134.0,02:14
56,4140,/content/drive/MyDrive/인지프/aeaa_lora_weights/frames/frame_00056.jpg,138.0,02:18
57,4170,/content/drive/MyDrive/인지프/aeaa_lora_weights/frames/frame_00057.jpg,139.0,02:19
58,4260,/content/drive/MyDrive/인지프/aeaa_lora_weights/frames/frame_00058.jpg,142.0,02:22
59,4290,/content/drive/MyDrive/인지프/aeaa_lora_weights/frames/frame_00059.jpg,143.0,02:23
60,4350,/content/drive/MyDrive/인지프/aeaa_lora_weights/frames/frame_00060.jpg,145.0,02:25
61,4500,/content/drive/MyDrive/인지프/aeaa_lora_weights/frames/frame_00061.jpg,150.0,02:30
62,4560,/content/drive/MyDrive/인지프/aeaa_lora_weights/frames/frame_00062.jpg,152.0,02:32
63,4620,/content/drive/MyDrive/인지프/aeaa_lora_weights/frames/frame_00063.jpg,154.0,02:34
64,4680,/content/drive/MyDrive/인지프/aeaa_lora_weights/frames/frame_00064.jpg,156.0,02:36
65,4830,/content/drive/MyDrive/인지프/aeaa_lora_weights/frames/frame_00065.jpg,161.0,02:41
66,4920,/content/drive/MyDrive/인지프/aeaa_lora_weights/frames/frame_00066.jpg,164.0,02:44
67,4950,/content/drive/MyDrive/인지프/aeaa_lora_weights/frames/frame_00067.jpg,165.0,02:45
68,4980,/content/drive/MyDrive/인지프/aeaa_lora_weights/frames/frame_00068.jpg,166.0,02:46
69,5010,/content/drive/MyDrive/인지프/aeaa_lora_weights/frames/frame_00069.jpg,167.0,02:47
70,5040,/content/drive/MyDrive/인지프/aeaa_lora_weights/frames/frame_00070.jpg,168.0,02:48
71,5100,/content/drive/MyDrive/인지프/aeaa_lora_weights/frames/frame_00071.jpg,170.0,02:50
72,5130,/content/drive/MyDrive/인지프/aeaa_lora_weights/frames/frame_00072.jpg,171.0,02:51
73,5220,/content/drive/MyDrive/인지프/aeaa_lora_weights/frames/frame_00073.jpg,174.0,02:54
74,5280,/content/drive/MyDrive/인지프/aeaa_lora_weights/frames/frame_00074.jpg,176.0,02:56
75,5370,/content/drive/MyDrive/인지프/aeaa_lora_weights/frames/frame_00075.jpg,179.0,02:59
76,5490,/content/drive/MyDrive/인지프/aeaa_lora_weights/frames/frame_00076.jpg,183.0,03:03
77,5580,/content/drive/MyDrive/인지프/aeaa_lora_weights/frames/frame_00077.jpg,186.0,03:06
78,5610,/content/drive/MyDrive/인지프/aeaa_lora_weights/frames/frame_00078.jpg,187.0,03:07
79,5670,/content/drive/MyDrive/인지프/aeaa_lora_weights/frames/frame_00079.jpg,189.0,03:09
80,5700,/content/drive/MyDrive/인지프/aeaa_lora_weights/frames/frame_00080.jpg,190.0,03:10
81,6000,/content/drive/MyDrive/인지프/aeaa_lora_weights/frames/frame_00081.jpg,200.0,03:20
82,6060,/content/drive/MyDrive/인지프/aeaa_lora_weights/frames/frame_00082.jpg,202.0,03:22
83,6090,/content/drive/MyDrive/인지프/aeaa_lora_weights/frames/frame_00083.jpg,203.0,03:23
84,6120,/content/drive/MyDrive/인지프/aeaa_lora_weights/frames/frame_00084.jpg,204.0,03:24
85,6150,/content/drive/MyDrive/인지프/aeaa_lora_weights/frames/frame_00085.jpg,205.0,03:25
86,6240,/content/drive/MyDrive/인지프/aeaa_lora_weights/frames/frame_00086.jpg,208.0,03:28
87,6270,/content/drive/MyDrive/인지프/aeaa_lora_weights/frames/frame_00087.jpg,209.0,03:29
88,6510,/content/drive/MyDrive/인지프/aeaa_lora_weights/frames/frame_00088.jpg,217.0,03:37
89,6570,/content/drive/MyDrive/인지프/aeaa_lora_weights/frames/frame_00089.jpg,219.0,03:39
90,6690,/content/drive/MyDrive/인지프/aeaa_lora_weights/frames/frame_00090.jpg,223.0,03:43
91,6780,/content/drive/MyDrive/인지프/aeaa_lora_weights/frames/frame_00091.jpg,226.0,03:46
92,6840,/content/drive/MyDrive/인지프/aeaa_lora_weights/frames/frame_00092.jpg,228.0,03:48
93,6900,/content/drive/MyDrive/인지프/aeaa_lora_weights/frames/frame_00093.jpg,230.0,03:50
94,7020,/content/drive/MyDrive/인지프/aeaa_lora_weights/frames/frame_00094.jpg,234.0,03:54
95,7200,/content/drive/MyDrive/인지프/aeaa_lora_weights/frames/frame_00095.jpg,240.0,04:00
96,7320,/content/drive/MyDrive/인지프/aeaa_lora_weights/frames/frame_00096.jpg,244.0,04:04
97,7350,/content/drive/MyDrive/인지프/aeaa_lora_weights/frames/frame_00097.jpg,245.0,04:05
98,7380,/content/drive/MyDrive/인지프/aeaa_lora_weights/frames/frame_00098.jpg,246.0,04:06
99,7440,/content/drive/MyDrive/인지프/aeaa_lora_weights/frames/frame_00099.jpg,248.0,04:08
100,7530,/content/drive/MyDrive/인지프/aeaa_lora_weights/frames/frame_00100.jpg,251.0,04:11
101,7560,/content/drive/MyDrive/인지프/aeaa_lora_weights/frames/frame_00101.jpg,252.0,04:12
102,7590,/content/drive/MyDrive/인지프/aeaa_lora_weights/frames/frame_00102.jpg,253.0,04:13
103,7620,/content/drive/MyDrive/인지프/aeaa_lora_weights/frames/frame_00103.jpg,254.0,04:14
104,7830,/content/drive/MyDrive/인지프/aeaa_lora_weights/frames/frame_00104.jpg,261.0,04:21
105,7920,/content/drive/MyDrive/인지프/aeaa_lora_weights/frames/frame_00105.jpg,264.0,04:24
106,7950,/content/drive/MyDrive/인지프/aeaa_lora_weights/frames/frame_00106.jpg,265.0,04:25
107,8370,/content/drive/MyDrive/인지프/aeaa_lora_weights/frames/frame_00107.jpg,279.0,04:39
108,8400,/content/drive/MyDrive/인지프/aeaa_lora_weights/frames/frame_00108.jpg,280.0,04:40
109,8430,/content/drive/MyDrive/인지프/aeaa_lora_weights/frames/frame_00109.jpg,281.0,04:41
110,8640,/content/drive/MyDrive/인지프/aeaa_lora_weights/frames/frame_00110.jpg,288.0,04:48
111,8700,/content/drive/MyDrive/인지프/aeaa_lora_weights/frames/frame_00111.jpg,290.0,04:50
112,8730,/content/drive/MyDrive/인지프/aeaa_lora_weights/frames/frame_00112.jpg,291.0,04:51
113,8760,/content/drive/MyDrive/인지프/aeaa_lora_weights/frames/frame_00113.jpg,292.0,04:52
114,8880,/content/drive/MyDrive/인지프/aeaa_lora_weights/frames/frame_00114.jpg,296.0,04:56
115,9000,/content/drive/MyDrive/인지프/aeaa_lora_weights/frames/frame_00115.jpg,300.0,05:00
116,9030,/content/drive/MyDrive/인지프/aeaa_lora_weights/frames/frame_00116.jpg,301.0,05:01
117,9060,/content/drive/MyDrive/인지프/aeaa_lora_weights/frames/frame_00117.jpg,302.0,05:02
118,9120,/content/drive/MyDrive/인지프/aeaa_lora_weights/frames/frame_00118.jpg,304.0,05:04
119,9150,/content/drive/MyDrive/인지프/aeaa_lora_weights/frames/frame_00119.jpg,305.0,05:05
120,9180,/content/drive/MyDrive/인지프/aeaa_lora_weights/frames/frame_00120.jpg,306.0,05:06
121,9210,/content/drive/MyDrive/인지프/aeaa_lora_weights/frames/frame_00121.jpg,307.0,05:07
122,9240,/content/drive/MyDrive/인지프/aeaa_lora_weights/frames/frame_00122.jpg,308.0,05:08
123,9270,/content/drive/MyDrive/인지프/aeaa_lora_weights/frames/frame_00123.jpg,309.0,05:09
124,9300,/content/drive/MyDrive/인지프/aeaa_lora_weights/frames/frame_00124.jpg,310.0,05:10
125,9330,/content/drive/MyDrive/인지프/aeaa_lora_weights/frames/frame_00125.jpg,311.0,05:11
126,9840,/content/drive/MyDrive/인지프/aeaa_lora_weights/frames/frame_00126.jpg,328.0,05:28
127,9900,/content/drive/MyDrive/인지프/aeaa_lora_weights/frames/frame_00127.jpg,330.0,05:30
128,10110,/content/drive/MyDrive/인지프/aeaa_lora_weights/frames/frame_00128.jpg,337.0,05:37
129,10170,/content/drive/MyDrive/인지프/aeaa_lora_weights/frames/frame_00129.jpg,339.0,05:39
130,10200,/content/drive/MyDrive/인지프/aeaa_lora_weights/frames/frame_00130.jpg,340.0,05:40
131,10350,/content/drive/MyDrive/인지프/aeaa_lora_weights/frames/frame_00131.jpg,345.0,05:45
132,10440,/content/drive/MyDrive/인지프/aeaa_lora_weights/frames/frame_00132.jpg,348.0,05:48
133,10470,/content/drive/MyDrive/인지프/aeaa_lora_weights/frames/frame_00133.jpg,349.0,05:49
134,10500,/content/drive/MyDrive/인지프/aeaa_lora_weights/frames/frame_00134.jpg,350.0,05:50
135,10530,/content/drive/MyDrive/인지프/aeaa_lora_weights/frames/frame_00135.jpg,351.0,05:51
136,10590,/content/drive/MyDrive/인지프/aeaa_lora_weights/frames/frame_00136.jpg,353.0,05:53
137,10620,/content/drive/MyDrive/인지프/aeaa_lora_weights/frames/frame_00137.jpg,354.0,05:54
138,10680,/content/drive/MyDrive/인지프/aeaa_lora_weights/frames/frame_00138.jpg,356.0,05:56
139,10800,/content/drive/MyDrive/인지프/aeaa_lora_weights/frames/frame_00139.jpg,360.0,06:00
140,10890,/content/drive/MyDrive/인지프/aeaa_lora_weights/frames/frame_00140.jpg,363.0,06:03
141,10920,/content/drive/MyDrive/인지프/aeaa_lora_weights/frames/frame_00141.jpg,364.0,06:04
142,10950,/content/drive/MyDrive/인지프/aeaa_lora_weights/frames/frame_00142.jpg,365.0,06:05
143,11100,/content/drive/MyDrive/인지프/aeaa_lora_weights/frames/frame_00143.jpg,370.0,06:10
144,11310,/content/drive/MyDrive/인지프/aeaa_lora_weights/frames/frame_00144.jpg,377.0,06:17
145,11370,/content/drive/MyDrive/인지프/aeaa_lora_weights/frames/frame_00145.jpg,379.0,06:19
146,11550,/content/drive/MyDrive/인지프/aeaa_lora_weights/frames/frame_00146.jpg,385.0,06:25
147,11640,/content/drive/MyDrive/인지프/aeaa_lora_weights/frames/frame_00147.jpg,388.0,06:28
148,11670,/content/drive/MyDrive/인지프/aeaa_lora_weights/frames/frame_00148.jpg,389.0,06:29
149,11760,/content/drive/MyDrive/인지프/aeaa_lora_weights/frames/frame_00149.jpg,392.0,06:32
150,11790,/content/drive/MyDrive/인지프/aeaa_lora_weights/frames/frame_00150.jpg,393.0,06:33
151,11880,/content/drive/MyDrive/인지프/aeaa_lora_weights/frames/frame_00151.jpg,396.0,06:36
152,12120,/content/drive/MyDrive/인지프/aeaa_lora_weights/frames/frame_00152.jpg,404.0,06:44
153,12210,/content/drive/MyDrive/인지프/aeaa_lora_weights/frames/frame_00153.jpg,407.0,06:47
154,12240,/content/drive/MyDrive/인지프/aeaa_lora_weights/frames/frame_00154.jpg,408.0,06:48
155,12480,/content/drive/MyDrive/인지프/aeaa_lora_weights/frames/frame_00155.jpg,416.0,06:56
156,12540,/content/drive/MyDrive/인지프/aeaa_lora_weights/frames/frame_00156.jpg,418.0,06:58
157,12630,/content/drive/MyDrive/인지프/aeaa_lora_weights/frames/frame_00157.jpg,421.0,07:01
158,12660,/content/drive/MyDrive/인지프/aeaa_lora_weights/frames/frame_00158.jpg,422.0,07:02
159,12720,/content/drive/MyDrive/인지프/aeaa_lora_weights/frames/frame_00159.jpg,424.0,07:04
160,12750,/content/drive/MyDrive/인지프/aeaa_lora_weights/frames/frame_00160.jpg,425.0,07:05
161,12780,/content/drive/MyDrive/인지프/aeaa_lora_weights/frames/frame_00161.jpg,426.0,07:06
162,12870,/content/drive/MyDrive/인지프/aeaa_lora_weights/frames/frame_00162.jpg,429.0,07:09
163,13050,/content/drive/MyDrive/인지프/aeaa_lora_weights/frames/frame_00163.jpg,435.0,07:15
164,13470,/content/drive/MyDrive/인지프/aeaa_lora_weights/frames/frame_00164.jpg,449.0,07:29
165,13500,/content/drive/MyDrive/인지프/aeaa_lora_weights/frames/frame_00165.jpg,450.0,07:30
166,13530,/content/drive/MyDrive/인지프/aeaa_lora_weights/frames/frame_00166.jpg,451.0,07:31
167,13560,/content/drive/MyDrive/인지프/aeaa_lora_weights/frames/frame_00167.jpg,452.0,07:32
168,13590,/content/drive/MyDrive/인지프/aeaa_lora_weights/frames/frame_00168.jpg,453.0,07:33
169,13620,/content/drive/MyDrive/인지프/aeaa_lora_weights/frames/frame_00169.jpg,454.0,07:34
170,13650,/content/drive/MyDrive/인지프/aeaa_lora_weights/frames/frame_00170.jpg,455.0,07:35
171,13680,/content/drive/MyDrive/인지프/aeaa_lora_weights/frames/frame_00171.jpg,456.0,07:36
172,13710,/content/drive/MyDrive/인지프/aeaa_lora_weights/frames/frame_00172.jpg,457.0,07:37
173,13740,/content/drive/MyDrive/인지프/aeaa_lora_weights/frames/frame_00173.jpg,458.0,07:38
174,13800,/content/drive/MyDrive/인지프/aeaa_lora_weights/frames/frame_00174.jpg,460.0,07:40
175,13830,/content/drive/MyDrive/인지프/aeaa_lora_weights/frames/frame_00175.jpg,461.0,07:41
176,13860,/content/drive/MyDrive/인지프/aeaa_lora_weights/frames/frame_00176.jpg,462.0,07:42
177,13950,/content/drive/MyDrive/인지프/aeaa_lora_weights/frames/frame_00177.jpg,465.0,07:45
178,14040,/content/drive/MyDrive/인지프/aeaa_lora_weights/frames/frame_00178.jpg,468.0,07:48
179,14100,/content/drive/MyDrive/인지프/aeaa_lora_weights/frames/frame_00179.jpg,470.0,07:50
180,14130,/content/drive/MyDrive/인지프/aeaa_lora_weights/frames/frame_00180.jpg,471.0,07:51
181,14280,/content/drive/MyDrive/인지프/aeaa_lora_weights/frames/frame_00181.jpg,476.0,07:56
182,14400,/content/drive/MyDrive/인지프/aeaa_lora_weights/frames/frame_00182.jpg,480.0,08:00
183,14640,/content/drive/MyDrive/인지프/aeaa_lora_weights/frames/frame_00183.jpg,488.0,08:08
184,14670,/content/drive/MyDrive/인지프/aeaa_lora_weights/frames/frame_00184.jpg,489.0,08:09
185,14820,/content/drive/MyDrive/인지프/aeaa_lora_weights/frames/frame_00185.jpg,494.0,08:14
186,14940,/content/drive/MyDrive/인지프/aeaa_lora_weights/frames/frame_00186.jpg,498.0,08:18
187,15090,/content/drive/MyDrive/인지프/aeaa_lora_weights/frames/frame_00187.jpg,503.0,08:23
188,15150,/content/drive/MyDrive/인지프/aeaa_lora_weights/frames/frame_00188.jpg,505.0,08:25
189,15240,/content/drive/MyDrive/인지프/aeaa_lora_weights/frames/frame_00189.jpg,508.0,08:28
190,15330,/content/drive/MyDrive/인지프/aeaa_lora_weights/frames/frame_00190.jpg,511.0,08:31
191,15360,/content/drive/MyDrive/인지프/aeaa_lora_weights/frames/frame_00191.jpg,512.0,08:32
192,15450,/content/drive/MyDrive/인지프/aeaa_lora_weights/frames/frame_00192.jpg,515.0,08:35
193,15570,/content/drive/MyDrive/인지프/aeaa_lora_weights/frames/frame_00193.jpg,519.0,08:39
194,15600,/content/drive/MyDrive/인지프/aeaa_lora_weights/frames/frame_00194.jpg,520.0,08:40
195,15660,/content/drive/MyDrive/인지프/aeaa_lora_weights/frames/frame_00195.jpg,522.0,08:42
196,15810,/content/drive/MyDrive/인지프/aeaa_lora_weights/frames/frame_00196.jpg,527.0,08:47
197,15840,/content/drive/MyDrive/인지프/aeaa_lora_weights/frames/frame_00197.jpg,528.0,08:48
198,15900,/content/drive/MyDrive/인지프/aeaa_lora_weights/frames/frame_00198.jpg,530.0,08:50
199,15930,/content/drive/MyDrive/인지프/aeaa_lora_weights/frames/frame_00199.jpg,531.0,08:51
200,15960,/content/drive/MyDrive/인지프/aeaa_lora_weights/frames/frame_00200.jpg,532.0,08:52
201,16050,/content/drive/MyDrive/인지프/aeaa_lora_weights/frames/frame_00201.jpg,535.0,08:55
202,16080,/content/drive/MyDrive/인지프/aeaa_lora_weights/frames/frame_00202.jpg,536.0,08:56
203,16140,/content/drive/MyDrive/인지프/aeaa_lora_weights/frames/frame_00203.jpg,538.0,08:58
204,16170,/content/drive/MyDrive/인지프/aeaa_lora_weights/frames/frame_00204.jpg,539.0,08:59
205,16290,/content/drive/MyDrive/인지프/aeaa_lora_weights/frames/frame_00205.jpg,543.0,09:03
206,16380,/content/drive/MyDrive/인지프/aeaa_lora_weights/frames/frame_00206.jpg,546.0,09:06
207,16410,/content/drive/MyDrive/인지프/aeaa_lora_weights/frames/frame_00207.jpg,547.0,09:07
208,16470,/content/drive/MyDrive/인지프/aeaa_lora_weights/frames/frame_00208.jpg,549.0,09:09
209,16500,/content/drive/MyDrive/인지프/aeaa_lora_weights/frames/frame_00209.jpg,550.0,09:10
210,16530,/content/drive/MyDrive/인지프/aeaa_lora_weights/frames/frame_00210.jpg,551.0,09:11
211,16590,/content/drive/MyDrive/인지프/aeaa_lora_weights/frames/frame_00211.jpg,553.0,09:13
212,16620,/content/drive/MyDrive/인지프/aeaa_lora_weights/frames/frame_00212.jpg,554.0,09:14
213,16770,/content/drive/MyDrive/인지프/aeaa_lora_weights/frames/frame_00213.jpg,559.0,09:19
214,16800,/content/drive/MyDrive/인지프/aeaa_lora_weights/frames/frame_00214.jpg,560.0,09:20
215,16860,/content/drive/MyDrive/인지프/aeaa_lora_weights/frames/frame_00215.jpg,562.0,09:22
216,16980,/content/drive/MyDrive/인지프/aeaa_lora_weights/frames/frame_00216.jpg,566.0,09:26
217,17130,/content/drive/MyDrive/인지프/aeaa_lora_weights/frames/frame_00217.jpg,571.0,09:31
218,17250,/content/drive/MyDrive/인지프/aeaa_lora_weights/frames/frame_00218.jpg,575.0,09:35
219,17280,/content/drive/MyDrive/인지프/aeaa_lora_weights/frames/frame_00219.jpg,576.0,09:36
220,17310,/content/drive/MyDrive/인지프/aeaa_lora_weights/frames/frame_00220.jpg,577.0,09:37
221,17340,/content/drive/MyDrive/인지프/aeaa_lora_weights/frames/frame_00221.jpg,578.0,09:38
222,17370,/content/drive/MyDrive/인지프/aeaa_lora_weights/frames/frame_00222.jpg,579.0,09:39
223,17400,/content/drive/MyDrive/인지프/aeaa_lora_weights/frames/frame_00223.jpg,580.0,09:40
224,17430,/content/drive/MyDrive/인지프/aeaa_lora_weights/frames/frame_00224.jpg,581.0,09:41
225,17460,/content/drive/MyDrive/인지프/aeaa_lora_weights/frames/frame_00225.jpg,582.0,09:42
226,17490,/content/drive/MyDrive/인지프/aeaa_lora_weights/frames/frame_00226.jpg,583.0,09:43
227,17520,/content/drive/MyDrive/인지프/aeaa_lora_weights/frames/frame_00227.jpg,584.0,09:44
228,17550,/content/drive/MyDrive/인지프/aeaa_lora_weights/frames/frame_00228.jpg,585.0,09:45
229,17580,/content/drive/MyDrive/인지프/aeaa_lora_weights/frames/frame_00229.jpg,586.0,09:46
230,17640,/content/drive/MyDrive/인지프/aeaa_lora_weights/frames/frame_00230.jpg,588.0,09:48
231,17730,/content/drive/MyDrive/인지프/aeaa_lora_weights/frames/frame_00231.jpg,591.0,09:51
232,17760,/content/drive/MyDrive/인지프/aeaa_lora_weights/frames/frame_00232.jpg,592.0,09:52
233,17820,/content/drive/MyDrive/인지프/aeaa_lora_weights/frames/frame_00233.jpg,594.0,09:54
234,17940,/content/drive/MyDrive/인지프/aeaa_lora_weights/frames/frame_00234.jpg,598.0,09:58
235,17970,/content/drive/MyDrive/인지프/aeaa_lora_weights/frames/frame_00235.jpg,599.0,09:59
236,18090,/content/drive/MyDrive/인지프/aeaa_lora_weights/frames/frame_00236.jpg,603.0,10:03
237,18120,/content/drive/MyDrive/인지프/aeaa_lora_weights/frames/frame_00237.jpg,604.0,10:04
238,18180,/content/drive/MyDrive/인지프/aeaa_lora_weights/frames/frame_00238.jpg,606.0,10:06
239,18210,/content/drive/MyDrive/인지프/aeaa_lora_weights/frames/frame_00239.jpg,607.0,10:07
240,18240,/content/drive/MyDrive/인지프/aeaa_lora_weights/frames/frame_00240.jpg,608.0,10:08
241,18300,/content/drive/MyDrive/인지프/aeaa_lora_weights/frames/frame_00241.jpg,610.0,10:10
242,18330,/content/drive/MyDrive/인지프/aeaa_lora_weights/frames/frame_00242.jpg,611.0,10:11
243,18420,/content/drive/MyDrive/인지프/aeaa_lora_weights/frames/frame_00243.jpg,614.0,10:14
244,18540,/content/drive/MyDrive/인지프/aeaa_lora_weights/frames/frame_00244.jpg,618.0,10:18
245,18660,/content/drive/MyDrive/인지프/aeaa_lora_weights/frames/frame_00245.jpg,622.0,10:22
246,18720,/content/drive/MyDrive/인지프/aeaa_lora_weights/frames/frame_00246.jpg,624.0,10:24
247,18780,/content/drive/MyDrive/인지프/aeaa_lora_weights/frames/frame_00247.jpg,626.0,10:26
248,18840,/content/drive/MyDrive/인지프/aeaa_lora_weights/frames/frame_00248.jpg,628.0,10:28
249,18960,/content/drive/MyDrive/인지프/aeaa_lora_weights/frames/frame_00249.jpg,632.0,10:32
250,19020,/content/drive/MyDrive/인지프/aeaa_lora_weights/frames/frame_00250.jpg,634.0,10:34
251,19080,/content/drive/MyDrive/인지프/aeaa_lora_weights/frames/frame_00251.jpg,636.0,10:36
252,19110,/content/drive/MyDrive/인지프/aeaa_lora_weights/frames/frame_00252.jpg,637.0,10:37
253,19200,/content/drive/MyDrive/인지프/aeaa_lora_weights/frames/frame_00253.jpg,640.0,10:40
254,19230,/content/drive/MyDrive/인지프/aeaa_lora_weights/frames/frame_00254.jpg,641.0,10:41
255,19290,/content/drive/MyDrive/인지프/aeaa_lora_weights/frames/frame_00255.jpg,643.0,10:43
256,19350,/content/drive/MyDrive/인지프/aeaa_lora_weights/frames/frame_00256.jpg,645.0,10:45
257,19410,/content/drive/MyDrive/인지프/aeaa_lora_weights/frames/frame_00257.jpg,647.0,10:47
258,19530,/content/drive/MyDrive/인지프/aeaa_lora_weights/frames/frame_00258.jpg,651.0,10:51
259,19590,/content/drive/MyDrive/인지프/aeaa_lora_weights/frames/frame_00259.jpg,653.0,10:53
260,19620,/content/drive/MyDrive/인지프/aeaa_lora_weights/frames/frame_00260.jpg,654.0,10:54
261,19650,/content/drive/MyDrive/인지프/aeaa_lora_weights/frames/frame_00261.jpg,655.0,10:55
262,19680,/content/drive/MyDrive/인지프/aeaa_lora_weights/frames/frame_00262.jpg,656.0,10:56
263,19740,/content/drive/MyDrive/인지프/aeaa_lora_weights/frames/frame_00263.jpg,658.0,10:58
264,19920,/content/drive/MyDrive/인지프/aeaa_lora_weights/frames/frame_00264.jpg,664.0,11:04
265,20040,/content/drive/MyDrive/인지프/aeaa_lora_weights/frames/frame_00265.jpg,668.0,11:08
266,20070,/content/drive/MyDrive/인지프/aeaa_lora_weights/frames/frame_00266.jpg,669.0,11:09
267,20190,/content/drive/MyDrive/인지프/aeaa_lora_weights/frames/frame_00267.jpg,673.0,11:13
268,20220,/content/drive/MyDrive/인지프/aeaa_lora_weights/frames/frame_00268.jpg,674.0,11:14
269,20280,/content/drive/MyDrive/인지프/aeaa_lora_weights/frames/frame_00269.jpg,676.0,11:16
270,20340,/content/drive/MyDrive/인지프/aeaa_lora_weights/frames/frame_00270.jpg,678.0,11:18
271,20460,/content/drive/MyDrive/인지프/aeaa_lora_weights/frames/frame_00271.jpg,682.0,11:22
272,20520,/content/drive/MyDrive/인지프/aeaa_lora_weights/frames/frame_00272.jpg,684.0,11:24
273,20610,/content/drive/MyDrive/인지프/aeaa_lora_weights/frames/frame_00273.jpg,687.0,11:27
274,20670,/content/drive/MyDrive/인지프/aeaa_lora_weights/frames/frame_00274.jpg,689.0,11:29
275,20760,/content/drive/MyDrive/인지프/aeaa_lora_weights/frames/frame_00275.jpg,692.0,11:32
276,20790,/content/drive/MyDrive/인지프/aeaa_lora_weights/frames/frame_00276.jpg,693.0,11:33
277,20910,/content/drive/MyDrive/인지프/aeaa_lora_weights/frames/frame_00277.jpg,697.0,11:37
278,20940,/content/drive/MyDrive/인지프/aeaa_lora_weights/frames/frame_00278.jpg,698.0,11:38
279,21180,/content/drive/MyDrive/인지프/aeaa_lora_weights/frames/frame_00279.jpg,706.0,11:46
280,21240,/content/drive/MyDrive/인지프/aeaa_lora_weights/frames/frame_00280.jpg,708.0,11:48
281,21270,/content/drive/MyDrive/인지프/aeaa_lora_weights/frames/frame_00281.jpg,709.0,11:49
282,21330,/content/drive/MyDrive/인지프/aeaa_lora_weights/frames/frame_00282.jpg,711.0,11:51
283,21420,/content/drive/MyDrive/인지프/aeaa_lora_weights/frames/frame_00283.jpg,714.0,11:54
284,21450,/content/drive/MyDrive/인지프/aeaa_lora_weights/frames/frame_00284.jpg,715.0,11:55
285,21480,/content/drive/MyDrive/인지프/aeaa_lora_weights/frames/frame_00285.jpg,716.0,11:56
286,21540,/content/drive/MyDrive/인지프/aeaa_lora_weights/frames/frame_00286.jpg,718.0,11:58
287,21570,/content/drive/MyDrive/인지프/aeaa_lora_weights/frames/frame_00287.jpg,719.0,11:59
288,21600,/content/drive/MyDrive/인지프/aeaa_lora_weights/frames/frame_00288.jpg,720.0,12:00
289,21630,/content/drive/MyDrive/인지프/aeaa_lora_weights/frames/frame_00289.jpg,721.0,12:01
290,21660,/content/drive/MyDrive/인지프/aeaa_lora_weights/frames/frame_00290.jpg,722.0,12:02
291,21780,/content/drive/MyDrive/인지프/aeaa_lora_weights/frames/frame_00291.jpg,726.0,12:06
292,21810,/content/drive/MyDrive/인지프/aeaa_lora_weights/frames/frame_00292.jpg,727.0,12:07
293,21840,/content/drive/MyDrive/인지프/aeaa_lora_weights/frames/frame_00293.jpg,728.0,12:08
294,21870,/content/drive/MyDrive/인지프/aeaa_lora_weights/frames/frame_00294.jpg,729.0,12:09
295,21960,/content/drive/MyDrive/인지프/aeaa_lora_weights/frames/frame_00295.jpg,732.0,12:12
296,21990,/content/drive/MyDrive/인지프/aeaa_lora_weights/frames/frame_00296.jpg,733.0,12:13
297,22050,/content/drive/MyDrive/인지프/aeaa_lora_weights/frames/frame_00297.jpg,735.0,12:15
298,22080,/content/drive/MyDrive/인지프/aeaa_lora_weights/frames/frame_00298.jpg,736.0,12:16
299,22110,/content/drive/MyDrive/인지프/aeaa_lora_weights/frames/frame_00299.jpg,737.0,12:17
300,22140,/content/drive/MyDrive/인지프/aeaa_lora_weights/frames/frame_00300.jpg,738.0,12:18
301,22200,/content/drive/MyDrive/인지프/aeaa_lora_weights/frames/frame_00301.jpg,740.0,12:20
302,22230,/content/drive/MyDrive/인지프/aeaa_lora_weights/frames/frame_00302.jpg,741.0,12:21
303,22260,/content/drive/MyDrive/인지프/aeaa_lora_weights/frames/frame_00303.jpg,742.0,12:22
304,22440,/content/drive/MyDrive/인지프/aeaa_lora_weights/frames/frame_00304.jpg,748.0,12:28
305,22470,/content/drive/MyDrive/인지프/aeaa_lora_weights/frames/frame_00305.jpg,749.0,12:29
306,22530,/content/drive/MyDrive/인지프/aeaa_lora_weights/frames/frame_00306.jpg,751.0,12:31
307,22560,/content/drive/MyDrive/인지프/aeaa_lora_weights/frames/frame_00307.jpg,752.0,12:32
308,22590,/content/drive/MyDrive/인지프/aeaa_lora_weights/frames/frame_00308.jpg,753.0,12:33
309,22710,/content/drive/MyDrive/인지프/aeaa_lora_weights/frames/frame_00309.jpg,757.0,12:37
310,22740,/content/drive/MyDrive/인지프/aeaa_lora_weights/frames/frame_00310.jpg,758.0,12:38
311,22770,/content/drive/MyDrive/인지프/aeaa_lora_weights/frames/frame_00311.jpg,759.0,12:39
312,22800,/content/drive/MyDrive/인지프/aeaa_lora_weights/frames/frame_00312.jpg,760.0,12:40
313,22830,/content/drive/MyDrive/인지프/aeaa_lora_weights/frames/frame_00313.jpg,761.0,12:41
314,22860,/content/drive/MyDrive/인지프/aeaa_lora_weights/frames/frame_00314.jpg,762.0,12:42
315,22920,/content/drive/MyDrive/인지프/aeaa_lora_weights/frames/frame_00315.jpg,764.0,12:44
316,22950,/content/drive/MyDrive/인지프/aeaa_lora_weights/frames/frame_00316.jpg,765.0,12:45
317,23130,/content/drive/MyDrive/인지프/aeaa_lora_weights/frames/frame_00317.jpg,771.0,12:51
318,23160,/content/drive/MyDrive/인지프/aeaa_lora_weights/frames/frame_00318.jpg,772.0,12:52
319,23370,/content/drive/MyDrive/인지프/aeaa_lora_weights/frames/frame_00319.jpg,779.0,12:59
320,23400,/content/drive/MyDrive/인지프/aeaa_lora_weights/frames/frame_00320.jpg,780.0,13:00
321,23430,/content/drive/MyDrive/인지프/aeaa_lora_weights/frames/frame_00321.jpg,781.0,13:01
322,23460,/content/drive/MyDrive/인지프/aeaa_lora_weights/frames/frame_00322.jpg,782.0,13:02
323,23490,/content/drive/MyDrive/인지프/aeaa_lora_weights/frames/frame_00323.jpg,783.0,13:03
324,23610,/content/drive/MyDrive/인지프/aeaa_lora_weights/frames/frame_00324.jpg,787.0,13:07
325,23640,/content/drive/MyDrive/인지프/aeaa_lora_weights/frames/frame_00325.jpg,788.0,13:08
326,23670,/content/drive/MyDrive/인지프/aeaa_lora_weights/frames/frame_00326.jpg,789.0,13:09
327,23730,/content/drive/MyDrive/인지프/aeaa_lora_weights/frames/frame_00327.jpg,791.0,13:11
328,23880,/content/drive/MyDrive/인지프/aeaa_lora_weights/frames/frame_00328.jpg,796.0,13:16
329,24000,/content/drive/MyDrive/인지프/aeaa_lora_weights/frames/frame_00329.jpg,800.0,13:20
330,24120,/content/drive/MyDrive/인지프/aeaa_lora_weights/frames/frame_00330.jpg,804.0,13:24
331,24270,/content/drive/MyDrive/인지프/aeaa_lora_weights/frames/frame_00331.jpg,809.0,13:29
332,24450,/content/drive/MyDrive/인지프/aeaa_lora_weights/frames/frame_00332.jpg,815.0,13:35
333,24600,/content/drive/MyDrive/인지프/aeaa_lora_weights/frames/frame_00333.jpg,820.0,13:40
334,24870,/content/drive/MyDrive/인지프/aeaa_lora_weights/frames/frame_00334.jpg,829.0,13:49
335,24900,/content/drive/MyDrive/인지프/aeaa_lora_weights/frames/frame_00335.jpg,830.0,13:50
336,24990,/content/drive/MyDrive/인지프/aeaa_lora_weights/frames/frame_00336.jpg,833.0,13:53
337,25020,/content/drive/MyDrive/인지프/aeaa_lora_weights/frames/frame_00337.jpg,834.0,13:54
338,25050,/content/drive/MyDrive/인지프/aeaa_lora_weights/frames/frame_00338.jpg,835.0,13:55
339,25110,/content/drive/MyDrive/인지프/aeaa_lora_weights/frames/frame_00339.jpg,837.0,13:57
340,25200,/content/drive/MyDrive/인지프/aeaa_lora_weights/frames/frame_00340.jpg,840.0,14:00
341,25290,/content/drive/MyDrive/인지프/aeaa_lora_weights/frames/frame_00341.jpg,843.0,14:03
342,25350,/content/drive/MyDrive/인지프/aeaa_lora_weights/frames/frame_00342.jpg,845.0,14:05
343,25380,/content/drive/MyDrive/인지프/aeaa_lora_weights/frames/frame_00343.jpg,846.0,14:06
344,25410,/content/drive/MyDrive/인지프/aeaa_lora_weights/frames/frame_00344.jpg,847.0,14:07
345,25470,/content/drive/MyDrive/인지프/aeaa_lora_weights/frames/frame_00345.jpg,849.0,14:09
346,25530,/content/drive/MyDrive/인지프/aeaa_lora_weights/frames/frame_00346.jpg,851.0,14:11
347,25560,/content/drive/MyDrive/인지프/aeaa_lora_weights/frames/frame_00347.jpg,852.0,14:12
348,25620,/content/drive/MyDrive/인지프/aeaa_lora_weights/frames/frame_00348.jpg,854.0,14:14
349,25650,/content/drive/MyDrive/인지프/aeaa_lora_weights/frames/frame_00349.jpg,855.0,14:15
350,26130,/content/drive/MyDrive/인지프/aeaa_lora_weights/frames/frame_00350.jpg,871.0,14:31
351,26220,/content/drive/MyDrive/인지프/aeaa_lora_weights/frames/frame_00351.jpg,874.0,14:34
352,26250,/content/drive/MyDrive/인지프/aeaa_lora_weights/frames/frame_00352.jpg,875.0,14:35
353,26280,/content/drive/MyDrive/인지프/aeaa_lora_weights/frames/frame_00353.jpg,876.0,14:36
354,26400,/content/drive/MyDrive/인지프/aeaa_lora_weights/frames/frame_00354.jpg,880.0,14:40
355,26430,/content/drive/MyDrive/인지프/aeaa_lora_weights/frames/frame_00355.jpg,881.0,14:41
356,26490,/content/drive/MyDrive/인지프/aeaa_lora_weights/frames/frame_00356.jpg,883.0,14:43
357,26550,/content/drive/MyDrive/인지프/aeaa_lora_weights/frames/frame_00357.jpg,885.0,14:45
358,26760,/content/drive/MyDrive/인지프/aeaa_lora_weights/frames/frame_00358.jpg,892.0,14:52
359,27000,/content/drive/MyDrive/인지프/aeaa_lora_weights/frames/frame_00359.jpg,900.0,15:00
360,27090,/content/drive/MyDrive/인지프/aeaa_lora_weights/frames/frame_00360.jpg,903.0,15:03
361,27210,/content/drive/MyDrive/인지프/aeaa_lora_weights/frames/frame_00361.jpg,907.0,15:07
362,27240,/content/drive/MyDrive/인지프/aeaa_lora_weights/frames/frame_00362.jpg,908.0,15:08
363,27300,/content/drive/MyDrive/인지프/aeaa_lora_weights/frames/frame_00363.jpg,910.0,15:10
364,27330,/content/drive/MyDrive/인지프/aeaa_lora_weights/frames/frame_00364.jpg,911.0,15:11
365,27390,/content/drive/MyDrive/인지프/aeaa_lora_weights/frames/frame_00365.jpg,913.0,15:13
366,27450,/content/drive/MyDrive/인지프/aeaa_lora_weights/frames/frame_00366.jpg,915.0,15:15
367,27510,/content/drive/MyDrive/인지프/aeaa_lora_weights/frames/frame_00367.jpg,917.0,15:17
368,27570,/content/drive/MyDrive/인지프/aeaa_lora_weights/frames/frame_00368.jpg,919.0,15:19
369,27630,/content/drive/MyDrive/인지프/aeaa_lora_weights/frames/frame_00369.jpg,921.0,15:21
370,27660,/content/drive/MyDrive/인지프/aeaa_lora_weights/frames/frame_00370.jpg,922.0,15:22
371,27720,/content/drive/MyDrive/인지프/aeaa_lora_weights/frames/frame_00371.jpg,924.0,15:24
372,27840,/content/drive/MyDrive/인지프/aeaa_lora_weights/frames/frame_00372.jpg,928.0,15:28
373,27900,/content/drive/MyDrive/인지프/aeaa_lora_weights/frames/frame_00373.jpg,930.0,15:30
374,27930,/content/drive/MyDrive/인지프/aeaa_lora_weights/frames/frame_00374.jpg,931.0,15:31
375,28230,/content/drive/MyDrive/인지프/aeaa_lora_weights/frames/frame_00375.jpg,941.0,15:41
376,28380,/content/drive/MyDrive/인지프/aeaa_lora_weights/frames/frame_00376.jpg,946.0,15:46
377,28500,/content/drive/MyDrive/인지프/aeaa_lora_weights/frames/frame_00377.jpg,950.0,15:50
378,28560,/content/drive/MyDrive/인지프/aeaa_lora_weights/frames/frame_00378.jpg,952.0,15:52
379,28680,/content/drive/MyDrive/인지프/aeaa_lora_weights/frames/frame_00379.jpg,956.0,15:56
380,28710,/content/drive/MyDrive/인지프/aeaa_lora_weights/frames/frame_00380.jpg,957.0,15:57
381,29040,/content/drive/MyDrive/인지프/aeaa_lora_weights/frames/frame_00381.jpg,968.0,16:08
382,29070,/content/drive/MyDrive/인지프/aeaa_lora_weights/frames/frame_00382.jpg,969.0,16:09
383,29160,/content/drive/MyDrive/인지프/aeaa_lora_weights/frames/frame_00383.jpg,972.0,16:12
384,29370,/content/drive/MyDrive/인지프/aeaa_lora_weights/frames/frame_00384.jpg,979.0,16:19
385,29520,/content/drive/MyDrive/인지프/aeaa_lora_weights/frames/frame_00385.jpg,984.0,16:24
386,29550,/content/drive/MyDrive/인지프/aeaa_lora_weights/frames/frame_00386.jpg,985.0,16:25
387,29730,/content/drive/MyDrive/인지프/aeaa_lora_weights/frames/frame_00387.jpg,991.0,16:31
388,29790,/content/drive/MyDrive/인지프/aeaa_lora_weights/frames/frame_00388.jpg,993.0,16:33
389,29850,/content/drive/MyDrive/인지프/aeaa_lora_weights/frames/frame_00389.jpg,995.0,16:35
390,30000,/content/drive/MyDrive/인지프/aeaa_lora_weights/frames/frame_00390.jpg,1000.0,16:40
391,30090,/content/drive/MyDrive/인지프/aeaa_lora_weights/frames/frame_00391.jpg,1003.0,16:43
392,30180,/content/drive/MyDrive/인지프/aeaa_lora_weights/frames/frame_00392.jpg,1006.0,16:46
393,30330,/content/drive/MyDrive/인지프/aeaa_lora_weights/frames/frame_00393.jpg,1011.0,16:51
394,30390,/content/drive/MyDrive/인지프/aeaa_lora_weights/frames/frame_00394.jpg,1013.0,16:53
395,30420,/content/drive/MyDrive/인지프/aeaa_lora_weights/frames/frame_00395.jpg,1014.0,16:54
396,30480,/content/drive/MyDrive/인지프/aeaa_lora_weights/frames/frame_00396.jpg,1016.0,16:56
397,30600,/content/drive/MyDrive/인지프/aeaa_lora_weights/frames/frame_00397.jpg,1020.0,17:00
398,30630,/content/drive/MyDrive/인지프/aeaa_lora_weights/frames/frame_00398.jpg,1021.0,17:01
399,30660,/content/drive/MyDrive/인지프/aeaa_lora_weights/frames/frame_00399.jpg,1022.0,17:02
400,30750,/content/drive/MyDrive/인지프/aeaa_lora_weights/frames/frame_00400.jpg,1025.0,17:05
401,30810,/content/drive/MyDrive/인지프/aeaa_lora_weights/frames/frame_00401.jpg,1027.0,17:07
402,30870,/content/drive/MyDrive/인지프/aeaa_lora_weights/frames/frame_00402.jpg,1029.0,17:09
403,30930,/content/drive/MyDrive/인지프/aeaa_lora_weights/frames/frame_00403.jpg,1031.0,17:11
404,30960,/content/drive/MyDrive/인지프/aeaa_lora_weights/frames/frame_00404.jpg,1032.0,17:12
405,30990,/content/drive/MyDrive/인지프/aeaa_lora_weights/frames/frame_00405.jpg,1033.0,17:13
406,31020,/content/drive/MyDrive/인지프/aeaa_lora_weights/frames/frame_00406.jpg,1034.0,17:14
407,31110,/content/drive/MyDrive/인지프/aeaa_lora_weights/frames/frame_00407.jpg,1037.0,17:17
408,31290,/content/drive/MyDrive/인지프/aeaa_lora_weights/frames/frame_00408.jpg,1043.0,17:23
409,31410,/content/drive/MyDrive/인지프/aeaa_lora_weights/frames/frame_00409.jpg,1047.0,17:27
410,31680,/content/drive/MyDrive/인지프/aeaa_lora_weights/frames/frame_00410.jpg,1056.0,17:36
411,31890,/content/drive/MyDrive/인지프/aeaa_lora_weights/frames/frame_00411.jpg,1063.0,17:43
412,32010,/content/drive/MyDrive/인지프/aeaa_lora_weights/frames/frame_00412.jpg,1067.0,17:47
413,32070,/content/drive/MyDrive/인지프/aeaa_lora_weights/frames/frame_00413.jpg,1069.0,17:49
414,32310,/content/drive/MyDrive/인지프/aeaa_lora_weights/frames/frame_00414.jpg,1077.0,17:57
415,32340,/content/drive/MyDrive/인지프/aeaa_lora_weights/frames/frame_00415.jpg,1078.0,17:58
416,32370,/content/drive/MyDrive/인지프/aeaa_lora_weights/frames/frame_00416.jpg,1079.0,17:59
417,32520,/content/drive/MyDrive/인지프/aeaa_lora_weights/frames/frame_00417.jpg,1084.0,18:04
418,32550,/content/drive/MyDrive/인지프/aeaa_lora_weights/frames/frame_00418.jpg,1085.0,18:05
419,32580,/content/drive/MyDrive/인지프/aeaa_lora_weights/frames/frame_00419.jpg,1086.0,18:06
420,32850,/content/drive/MyDrive/인지프/aeaa_lora_weights/frames/frame_00420.jpg,1095.0,18:15
421,32910,/content/drive/MyDrive/인지프/aeaa_lora_weights/frames/frame_00421.jpg,1097.0,18:17
422,32940,/content/drive/MyDrive/인지프/aeaa_lora_weights/frames/frame_00422.jpg,1098.0,18:18
423,33030,/content/drive/MyDrive/인지프/aeaa_lora_weights/frames/frame_00423.jpg,1101.0,18:21
424,33240,/content/drive/MyDrive/인지프/aeaa_lora_weights/frames/frame_00424.jpg,1108.0,18:28
425,33360,/content/drive/MyDrive/인지프/aeaa_lora_weights/frames/frame_00425.jpg,1112.0,18:32
426,33450,/content/drive/MyDrive/인지프/aeaa_lora_weights/frames/frame_00426.jpg,1115.0,18:35
427,33630,/content/drive/MyDrive/인지프/aeaa_lora_weights/frames/frame_00427.jpg,1121.0,18:41
428,33810,/content/drive/MyDrive/인지프/aeaa_lora_weights/frames/frame_00428.jpg,1127.0,18:47
429,33870,/content/drive/MyDrive/인지프/aeaa_lora_weights/frames/frame_00429.jpg,1129.0,18:49
430,33930,/content/drive/MyDrive/인지프/aeaa_lora_weights/frames/frame_00430.jpg,1131.0,18:51
431,34020,/content/drive/MyDrive/인지프/aeaa_lora_weights/frames/frame_00431.jpg,1134.0,18:54
432,34140,/content/drive/MyDrive/인지프/aeaa_lora_weights/frames/frame_00432.jpg,1138.0,18:58
433,34170,/content/drive/MyDrive/인지프/aeaa_lora_weights/frames/frame_00433.jpg,1139.0,18:59
434,34200,/content/drive/MyDrive/인지프/aeaa_lora_weights/frames/frame_00434.jpg,1140.0,19:00
435,34230,/content/drive/MyDrive/인지프/aeaa_lora_weights/frames/frame_00435.jpg,1141.0,19:01
436,34260,/content/drive/MyDrive/인지프/aeaa_lora_weights/frames/frame_00436.jpg,1142.0,19:02
437,34290,/content/drive/MyDrive/인지프/aeaa_lora_weights/frames/frame_00437.jpg,1143.0,19:03
438,34350,/content/drive/MyDrive/인지프/aeaa_lora_weights/frames/frame_00438.jpg,1145.0,19:05
439,34560,/content/drive/MyDrive/인지프/aeaa_lora_weights/frames/frame_00439.jpg,1152.0,19:12
440,34620,/content/drive/MyDrive/인지프/aeaa_lora_weights/frames/frame_00440.jpg,1154.0,19:14
441,34710,/content/drive/MyDrive/인지프/aeaa_lora_weights/frames/frame_00441.jpg,1157.0,19:17
442,34800,/content/drive/MyDrive/인지프/aeaa_lora_weights/frames/frame_00442.jpg,1160.0,19:20
443,34890,/content/drive/MyDrive/인지프/aeaa_lora_weights/frames/frame_00443.jpg,1163.0,19:23
444,35010,/content/drive/MyDrive/인지프/aeaa_lora_weights/frames/frame_00444.jpg,1167.0,19:27
445,35100,/content/drive/MyDrive/인지프/aeaa_lora_weights/frames/frame_00445.jpg,1170.0,19:30
446,35190,/content/drive/MyDrive/인지프/aeaa_lora_weights/frames/frame_00446.jpg,1173.0,19:33
447,35520,/content/drive/MyDrive/인지프/aeaa_lora_weights/frames/frame_00447.jpg,1184.0,19:44
448,35550,/content/drive/MyDrive/인지프/aeaa_lora_weights/frames/frame_00448.jpg,1185.0,19:45
449,35580,/content/drive/MyDrive/인지프/aeaa_lora_weights/frames/frame_00449.jpg,1186.0,19:46
450,35610,/content/drive/MyDrive/인지프/aeaa_lora_weights/frames/frame_00450.jpg,1187.0,19:47
451,35730,/content/drive/MyDrive/인지프/aeaa_lora_weights/frames/frame_00451.jpg,1191.0,19:51
452,35790,/content/drive/MyDrive/인지프/aeaa_lora_weights/frames/frame_00452.jpg,1193.0,19:53
453,35940,/content/drive/MyDrive/인지프/aeaa_lora_weights/frames/frame_00453.jpg,1198.0,19:58
454,35970,/content/drive/MyDrive/인지프/aeaa_lora_weights/frames/frame_00454.jpg,1199.0,19:59
455,36060,/content/drive/MyDrive/인지프/aeaa_lora_weights/frames/frame_00455.jpg,1202.0,20:02
456,36090,/content/drive/MyDrive/인지프/aeaa_lora_weights/frames/frame_00456.jpg,1203.0,20:03
457,36360,/content/drive/MyDrive/인지프/aeaa_lora_weights/frames/frame_00457.jpg,1212.0,20:12
458,37140,/content/drive/MyDrive/인지프/aeaa_lora_weights/frames/frame_00458.jpg,1238.0,20:38
459,37830,/content/drive/MyDrive/인지프/aeaa_lora_weights/frames/frame_00459.jpg,1261.0,21:01
460,37980,/content/drive/MyDrive/인지프/aeaa_lora_weights/frames/frame_00460.jpg,1266.0,21:06
461,38010,/content/drive/MyDrive/인지프/aeaa_lora_weights/frames/frame_00461.jpg,1267.0,21:07
462,38040,/content/drive/MyDrive/인지프/aeaa_lora_weights/frames/frame_00462.jpg,1268.0,21:08
463,38070,/content/drive/MyDrive/인지프/aeaa_lora_weights/frames/frame_00463.jpg,1269.0,21:09
464,38190,/content/drive/MyDrive/인지프/aeaa_lora_weights/frames/frame_00464.jpg,1273.0,21:13
465,38370,/content/drive/MyDrive/인지프/aeaa_lora_weights/frames/frame_00465.jpg,1279.0,21:19
466,38400,/content/drive/MyDrive/인지프/aeaa_lora_weights/frames/frame_00466.jpg,1280.0,21:20
467,38490,/content/drive/MyDrive/인지프/aeaa_lora_weights/frames/frame_00467.jpg,1283.0,21:23
468,38580,/content/drive/MyDrive/인지프/aeaa_lora_weights/frames/frame_00468.jpg,1286.0,21:26
469,38610,/content/drive/MyDrive/인지프/aeaa_lora_weights/frames/frame_00469.jpg,1287.0,21:27
470,38670,/content/drive/MyDrive/인지프/aeaa_lora_weights/frames/frame_00470.jpg,1289.0,21:29
471,38700,/content/drive/MyDrive/인지프/aeaa_lora_weights/frames/frame_00471.jpg,1290.0,21:30
472,38760,/content/drive/MyDrive/인지프/aeaa_lora_weights/frames/frame_00472.jpg,1292.0,21:32
473,38790,/content/drive/MyDrive/인지프/aeaa_lora_weights/frames/frame_00473.jpg,1293.0,21:33
474,38820,/content/drive/MyDrive/인지프/aeaa_lora_weights/frames/frame_00474.jpg,1294.0,21:34
475,38880,/content/drive/MyDrive/인지프/aeaa_lora_weights/frames/frame_00475.jpg,1296.0,21:36
476,39090,/content/drive/MyDrive/인지프/aeaa_lora_weights/frames/frame_00476.jpg,1303.0,21:43
477,39120,/content/drive/MyDrive/인지프/aeaa_lora_weights/frames/frame_00477.jpg,1304.0,21:44
478,39360,/content/drive/MyDrive/인지프/aeaa_lora_weights/frames/frame_00478.jpg,1312.0,21:52
479,39480,/content/drive/MyDrive/인지프/aeaa_lora_weights/frames/frame_00479.jpg,1316.0,21:56
480,39600,/content/drive/MyDrive/인지프/aeaa_lora_weights/frames/frame_00480.jpg,1320.0,22:00
481,39810,/content/drive/MyDrive/인지프/aeaa_lora_weights/frames/frame_00481.jpg,1327.0,22:07
482,39840,/content/drive/MyDrive/인지프/aeaa_lora_weights/frames/frame_00482.jpg,1328.0,22:08
483,39870,/content/drive/MyDrive/인지프/aeaa_lora_weights/frames/frame_00483.jpg,1329.0,22:09
484,39990,/content/drive/MyDrive/인지프/aeaa_lora_weights/frames/frame_00484.jpg,1333.0,22:13
485,40020,/content/drive/MyDrive/인지프/aeaa_lora_weights/frames/frame_00485.jpg,1334.0,22:14
486,40080,/content/drive/MyDrive/인지프/aeaa_lora_weights/frames/frame_00486.jpg,1336.0,22:16
487,40140,/content/drive/MyDrive/인지프/aeaa_lora_weights/frames/frame_00487.jpg,1338.0,22:18
488,40170,/content/drive/MyDrive/인지프/aeaa_lora_weights/frames/frame_00488.jpg,1339.0,22:19
489,40200,/content/drive/MyDrive/인지프/aeaa_lora_weights/frames/frame_00489.jpg,1340.0,22:20
490,40260,/content/drive/MyDrive/인지프/aeaa_lora_weights/frames/frame_00490.jpg,1342.0,22:22
491,40290,/content/drive/MyDrive/인지프/aeaa_lora_weights/frames/frame_00491.jpg,1343.0,22:23
492,40320,/content/drive/MyDrive/인지프/aeaa_lora_weights/frames/frame_00492.jpg,1344.0,22:24
493,40350,/content/drive/MyDrive/인지프/aeaa_lora_weights/frames/frame_00493.jpg,1345.0,22:25
494,40500,/content/drive/MyDrive/인지프/aeaa_lora_weights/frames/frame_00494.jpg,1350.0,22:30
495,40650,/content/drive/MyDrive/인지프/aeaa_lora_weights/frames/frame_00495.jpg,1355.0,22:35
496,40710,/content/drive/MyDrive/인지프/aeaa_lora_weights/frames/frame_00496.jpg,1357.0,22:37
497,40770,/content/drive/MyDrive/인지프/aeaa_lora_weights/frames/frame_00497.jpg,1359.0,22:39
498,40800,/content/drive/MyDrive/인지프/aeaa_lora_weights/frames/frame_00498.jpg,1360.0,22:40
499,40830,/content/drive/MyDrive/인지프/aeaa_lora_weights/frames/frame_00499.jpg,1361.0,22:41
500,40980,/content/drive/MyDrive/인지프/aeaa_lora_weights/frames/frame_00500.jpg,1366.0,22:46
501,41070,/content/drive/MyDrive/인지프/aeaa_lora_weights/frames/frame_00501.jpg,1369.0,22:49
502,41100,/content/drive/MyDrive/인지프/aeaa_lora_weights/frames/frame_00502.jpg,1370.0,22:50
503,41370,/content/drive/MyDrive/인지프/aeaa_lora_weights/frames/frame_00503.jpg,1379.0,22:59
504,41400,/content/drive/MyDrive/인지프/aeaa_lora_weights/frames/frame_00504.jpg,1380.0,23:00
505,41520,/content/drive/MyDrive/인지프/aeaa_lora_weights/frames/frame_00505.jpg,1384.0,23:04
506,41580,/content/drive/MyDrive/인지프/aeaa_lora_weights/frames/frame_00506.jpg,1386.0,23:06
507,41610,/content/drive/MyDrive/인지프/aeaa_lora_weights/frames/frame_00507.jpg,1387.0,23:07
508,41640,/content/drive/MyDrive/인지프/aeaa_lora_weights/frames/frame_00508.jpg,1388.0,23:08
509,41670,/content/drive/MyDrive/인지프/aeaa_lora_weights/frames/frame_00509.jpg,1389.0,23:09
510,41730,/content/drive/MyDrive/인지프/aeaa_lora_weights/frames/frame_00510.jpg,1391.0,23:11
511,41790,/content/drive/MyDrive/인지프/aeaa_lora_weights/frames/frame_00511.jpg,1393.0,23:13
512,41850,/content/drive/MyDrive/인지프/aeaa_lora_weights/frames/frame_00512.jpg,1395.0,23:15
513,41910,/content/drive/MyDrive/인지프/aeaa_lora_weights/frames/frame_00513.jpg,1397.0,23:17
514,42120,/content/drive/MyDrive/인지프/aeaa_lora_weights/frames/frame_00514.jpg,1404.0,23:24
515,42180,/content/drive/MyDrive/인지프/aeaa_lora_weights/frames/frame_00515.jpg,1406.0,23:26
516,42420,/content/drive/MyDrive/인지프/aeaa_lora_weights/frames/frame_00516.jpg,1414.0,23:34
517,42480,/content/drive/MyDrive/인지프/aeaa_lora_weights/frames/frame_00517.jpg,1416.0,23:36
518,42510,/content/drive/MyDrive/인지프/aeaa_lora_weights/frames/frame_00518.jpg,1417.0,23:37
519,42570,/content/drive/MyDrive/인지프/aeaa_lora_weights/frames/frame_00519.jpg,1419.0,23:39
520,42600,/content/drive/MyDrive/인지프/aeaa_lora_weights/frames/frame_00520.jpg,1420.0,23:40
521,42630,/content/drive/MyDrive/인지프/aeaa_lora_weights/frames/frame_00521.jpg,1421.0,23:41
522,42690,/content/drive/MyDrive/인지프/aeaa_lora_weights/frames/frame_00522.jpg,1423.0,23:43
523,42720,/content/drive/MyDrive/인지프/aeaa_lora_weights/frames/frame_00523.jpg,1424.0,23:44
524,42840,/content/drive/MyDrive/인지프/aeaa_lora_weights/frames/frame_00524.jpg,1428.0,23:48
525,42870,/content/drive/MyDrive/인지프/aeaa_lora_weights/frames/frame_00525.jpg,1429.0,23:49
526,42930,/content/drive/MyDrive/인지프/aeaa_lora_weights/frames/frame_00526.jpg,1431.0,23:51
527,42960,/content/drive/MyDrive/인지프/aeaa_lora_weights/frames/frame_00527.jpg,1432.0,23:52
528,43020,/content/drive/MyDrive/인지프/aeaa_lora_weights/frames/frame_00528.jpg,1434.0,23:54
529,43050,/content/drive/MyDrive/인지프/aeaa_lora_weights/frames/frame_00529.jpg,1435.0,23:55
530,43080,/content/drive/MyDrive/인지프/aeaa_lora_weights/frames/frame_00530.jpg,1436.0,23:56
531,43110,/content/drive/MyDrive/인지프/aeaa_lora_weights/frames/frame_00531.jpg,1437.0,23:57
532,43140,/content/drive/MyDrive/인지프/aeaa_lora_weights/frames/frame_00532.jpg,1438.0,23:58
533,43200,/content/drive/MyDrive/인지프/aeaa_lora_weights/frames/frame_00533.jpg,1440.0,24:00
534,43230,/content/drive/MyDrive/인지프/aeaa_lora_weights/frames/frame_00534.jpg,1441.0,24:01
535,43290,/content/drive/MyDrive/인지프/aeaa_lora_weights/frames/frame_00535.jpg,1443.0,24:03
536,43380,/content/drive/MyDrive/인지프/aeaa_lora_weights/frames/frame_00536.jpg,1446.0,24:06
537,43410,/content/drive/MyDrive/인지프/aeaa_lora_weights/frames/frame_00537.jpg,1447.0,24:07
538,43530,/content/drive/MyDrive/인지프/aeaa_lora_weights/frames/frame_00538.jpg,1451.0,24:11
539,43590,/content/drive/MyDrive/인지프/aeaa_lora_weights/frames/frame_00539.jpg,1453.0,24:13
540,43740,/content/drive/MyDrive/인지프/aeaa_lora_weights/frames/frame_00540.jpg,1458.0,24:18
541,43800,/content/drive/MyDrive/인지프/aeaa_lora_weights/frames/frame_00541.jpg,1460.0,24:20
542,44040,/content/drive/MyDrive/인지프/aeaa_lora_weights/frames/frame_00542.jpg,1468.0,24:28
543,44100,/content/drive/MyDrive/인지프/aeaa_lora_weights/frames/frame_00543.jpg,1470.0,24:30
544,44160,/content/drive/MyDrive/인지프/aeaa_lora_weights/frames/frame_00544.jpg,1472.0,24:32
545,44190,/content/drive/MyDrive/인지프/aeaa_lora_weights/frames/frame_00545.jpg,1473.0,24:33
546,44220,/content/drive/MyDrive/인지프/aeaa_lora_weights/frames/frame_00546.jpg,1474.0,24:34
547,44370,/content/drive/MyDrive/인지프/aeaa_lora_weights/frames/frame_00547.jpg,1479.0,24:39
548,44400,/content/drive/MyDrive/인지프/aeaa_lora_weights/frames/frame_00548.jpg,1480.0,24:40
549,44430,/content/drive/MyDrive/인지프/aeaa_lora_weights/frames/frame_00549.jpg,1481.0,24:41
550,44490,/content/drive/MyDrive/인지프/aeaa_lora_weights/frames/frame_00550.jpg,1483.0,24:43
551,44550,/content/drive/MyDrive/인지프/aeaa_lora_weights/frames/frame_00551.jpg,1485.0,24:45
552,44580,/content/drive/MyDrive/인지프/aeaa_lora_weights/frames/frame_00552.jpg,1486.0,24:46
553,44700,/content/drive/MyDrive/인지프/aeaa_lora_weights/frames/frame_00553.jpg,1490.0,24:50
554,44730,/content/drive/MyDrive/인지프/aeaa_lora_weights/frames/frame_00554.jpg,1491.0,24:51
555,44790,/content/drive/MyDrive/인지프/aeaa_lora_weights/frames/frame_00555.jpg,1493.0,24:53
556,44820,/content/drive/MyDrive/인지프/aeaa_lora_weights/frames/frame_00556.jpg,1494.0,24:54
557,44850,/content/drive/MyDrive/인지프/aeaa_lora_weights/frames/frame_00557.jpg,1495.0,24:55
558,45000,/content/drive/MyDrive/인지프/aeaa_lora_weights/frames/frame_00558.jpg,1500.0,25:00
559,45030,/content/drive/MyDrive/인지프/aeaa_lora_weights/frames/frame_00559.jpg,1501.0,25:01
560,45060,/content/drive/MyDrive/인지프/aeaa_lora_weights/frames/frame_00560.jpg,1502.0,25:02
561,45120,/content/drive/MyDrive/인지프/aeaa_lora_weights/frames/frame_00561.jpg,1504.0,25:04
562,45150,/content/drive/MyDrive/인지프/aeaa_lora_weights/frames/frame_00562.jpg,1505.0,25:05
563,45180,/content/drive/MyDrive/인지프/aeaa_lora_weights/frames/frame_00563.jpg,1506.0,25:06
564,45240,/content/drive/MyDrive/인지프/aeaa_lora_weights/frames/frame_00564.jpg,1508.0,25:08
565,45330,/content/drive/MyDrive/인지프/aeaa_lora_weights/frames/frame_00565.jpg,1511.0,25:11
566,45360,/content/drive/MyDrive/인지프/aeaa_lora_weights/frames/frame_00566.jpg,1512.0,25:12
567,45390,/content/drive/MyDrive/인지프/aeaa_lora_weights/frames/frame_00567.jpg,1513.0,25:13
568,45510,/content/drive/MyDrive/인지프/aeaa_lora_weights/frames/frame_00568.jpg,1517.0,25:17
569,45540,/content/drive/MyDrive/인지프/aeaa_lora_weights/frames/frame_00569.jpg,1518.0,25:18
570,45570,/content/drive/MyDrive/인지프/aeaa_lora_weights/frames/frame_00570.jpg,1519.0,25:19
571,45600,/content/drive/MyDrive/인지프/aeaa_lora_weights/frames/frame_00571.jpg,1520.0,25:20
572,45690,/content/drive/MyDrive/인지프/aeaa_lora_weights/frames/frame_00572.jpg,1523.0,25:23
573,45750,/content/drive/MyDrive/인지프/aeaa_lora_weights/frames/frame_00573.jpg,1525.0,25:25
574,45780,/content/drive/MyDrive/인지프/aeaa_lora_weights/frames/frame_00574.jpg,1526.0,25:26
575,45870,/content/drive/MyDrive/인지프/aeaa_lora_weights/frames/frame_00575.jpg,1529.0,25:29
576,45900,/content/drive/MyDrive/인지프/aeaa_lora_weights/frames/frame_00576.jpg,1530.0,25:30
577,45930,/content/drive/MyDrive/인지프/aeaa_lora_weights/frames/frame_00577.jpg,1531.0,25:31
578,45960,/content/drive/MyDrive/인지프/aeaa_lora_weights/frames/frame_00578.jpg,1532.0,25:32
579,45990,/content/drive/MyDrive/인지프/aeaa_lora_weights/frames/frame_00579.jpg,1533.0,25:33
580,46050,/content/drive/MyDrive/인지프/aeaa_lora_weights/frames/frame_00580.jpg,1535.0,25:35
581,46080,/content/drive/MyDrive/인지프/aeaa_lora_weights/frames/frame_00581.jpg,1536.0,25:36
582,46230,/content/drive/MyDrive/인지프/aeaa_lora_weights/frames/frame_00582.jpg,1541.0,25:41
583,46290,/content/drive/MyDrive/인지프/aeaa_lora_weights/frames/frame_00583.jpg,1543.0,25:43
584,46470,/content/drive/MyDrive/인지프/aeaa_lora_weights/frames/frame_00584.jpg,1549.0,25:49
585,46650,/content/drive/MyDrive/인지프/aeaa_lora_weights/frames/frame_00585.jpg,1555.0,25:55
586,46950,/content/drive/MyDrive/인지프/aeaa_lora_weights/frames/frame_00586.jpg,1565.0,26:05
587,47700,/content/drive/MyDrive/인지프/aeaa_lora_weights/frames/frame_00587.jpg,1590.0,26:30
588,47910,/content/drive/MyDrive/인지프/aeaa_lora_weights/frames/frame_00588.jpg,1597.0,26:37
589,48240,/content/drive/MyDrive/인지프/aeaa_lora_weights/frames/frame_00589.jpg,1608.0,26:48
590,48270,/content/drive/MyDrive/인지프/aeaa_lora_weights/frames/frame_00590.jpg,1609.0,26:49
591,48540,/content/drive/MyDrive/인지프/aeaa_lora_weights/frames/frame_00591.jpg,1618.0,26:58
592,48570,/content/drive/MyDrive/인지프/aeaa_lora_weights/frames/frame_00592.jpg,1619.0,26:59
593,48720,/content/drive/MyDrive/인지프/aeaa_lora_weights/frames/frame_00593.jpg,1624.0,27:04
594,48780,/content/drive/MyDrive/인지프/aeaa_lora_weights/frames/frame_00594.jpg,1626.0,27:06
595,48840,/content/drive/MyDrive/인지프/aeaa_lora_weights/frames/frame_00595.jpg,1628.0,27:08
596,48870,/content/drive/MyDrive/인지프/aeaa_lora_weights/frames/frame_00596.jpg,1629.0,27:09
597,49170,/content/drive/MyDrive/인지프/aeaa_lora_weights/frames/frame_00597.jpg,1639.0,27:19
598,49620,/content/drive/MyDrive/인지프/aeaa_lora_weights/frames/frame_00598.jpg,1654.0,27:34
599,49800,/content/drive/MyDrive/인지프/aeaa_lora_weights/frames/frame_00599.jpg,1660.0,27:40
600,49890,/content/drive/MyDrive/인지프/aeaa_lora_weights/frames/frame_00600.jpg,1663.0,27:43
601,49920,/content/drive/MyDrive/인지프/aeaa_lora_weights/frames/frame_00601.jpg,1664.0,27:44
602,50070,/content/drive/MyDrive/인지프/aeaa_lora_weights/frames/frame_00602.jpg,1669.0,27:49
603,50250,/content/drive/MyDrive/인지프/aeaa_lora_weights/frames/frame_00603.jpg,1675.0,27:55
604,50310,/content/drive/MyDrive/인지프/aeaa_lora_weights/frames/frame_00604.jpg,1677.0,27:57
605,50700,/content/drive/MyDrive/인지프/aeaa_lora_weights/frames/frame_00605.jpg,1690.0,28:10
606,50820,/content/drive/MyDrive/인지프/aeaa_lora_weights/frames/frame_00606.jpg,1694.0,28:14
607,50850,/content/drive/MyDrive/인지프/aeaa_lora_weights/frames/frame_00607.jpg,1695.0,28:15
608,50880,/content/drive/MyDrive/인지프/aeaa_lora_weights/frames/frame_00608.jpg,1696.0,28:16
609,50940,/content/drive/MyDrive/인지프/aeaa_lora_weights/frames/frame_00609.jpg,1698.0,28:18
610,51090,/content/drive/MyDrive/인지프/aeaa_lora_weights/frames/frame_00610.jpg,1703.0,28:23
611,51150,/content/drive/MyDrive/인지프/aeaa_lora_weights/frames/frame_00611.jpg,1705.0,28:25
612,51210,/content/drive/MyDrive/인지프/aeaa_lora_weights/frames/frame_00612.jpg,1707.0,28:27
613,51240,/content/drive/MyDrive/인지프/aeaa_lora_weights/frames/frame_00613.jpg,1708.0,28:28
614,51360,/content/drive/MyDrive/인지프/aeaa_lora_weights/frames/frame_00614.jpg,1712.0,28:32
615,51420,/content/drive/MyDrive/인지프/aeaa_lora_weights/frames/frame_00615.jpg,1714.0,28:34
616,51480,/content/drive/MyDrive/인지프/aeaa_lora_weights/frames/frame_00616.jpg,1716.0,28:36
617,51540,/content/drive/MyDrive/인지프/aeaa_lora_weights/frames/frame_00617.jpg,1718.0,28:38
618,51660,/content/drive/MyDrive/인지프/aeaa_lora_weights/frames/frame_00618.jpg,1722.0,28:42
619,51720,/content/drive/MyDrive/인지프/aeaa_lora_weights/frames/frame_00619.jpg,1724.0,28:44
620,51810,/content/drive/MyDrive/인지프/aeaa_lora_weights/frames/frame_00620.jpg,1727.0,28:47
621,51900,/content/drive/MyDrive/인지프/aeaa_lora_weights/frames/frame_00621.jpg,1730.0,28:50
622,51960,/content/drive/MyDrive/인지프/aeaa_lora_weights/frames/frame_00622.jpg,1732.0,28:52
623,51990,/content/drive/MyDrive/인지프/aeaa_lora_weights/frames/frame_00623.jpg,1733.0,28:53
624,52110,/content/drive/MyDrive/인지프/aeaa_lora_weights/frames/frame_00624.jpg,1737.0,28:57
625,52200,/content/drive/MyDrive/인지프/aeaa_lora_weights/frames/frame_00625.jpg,1740.0,29:00
626,52230,/content/drive/MyDrive/인지프/aeaa_lora_weights/frames/frame_00626.jpg,1741.0,29:01
627,52260,/content/drive/MyDrive/인지프/aeaa_lora_weights/frames/frame_00627.jpg,1742.0,29:02
628,52290,/content/drive/MyDrive/인지프/aeaa_lora_weights/frames/frame_00628.jpg,1743.0,29:03
629,52380,/content/drive/MyDrive/인지프/aeaa_lora_weights/frames/frame_00629.jpg,1746.0,29:06
630,52440,/content/drive/MyDrive/인지프/aeaa_lora_weights/frames/frame_00630.jpg,1748.0,29:08
631,52470,/content/drive/MyDrive/인지프/aeaa_lora_weights/frames/frame_00631.jpg,1749.0,29:09
632,52500,/content/drive/MyDrive/인지프/aeaa_lora_weights/frames/frame_00632.jpg,1750.0,29:10
633,52530,/content/drive/MyDrive/인지프/aeaa_lora_weights/frames/frame_00633.jpg,1751.0,29:11
634,52590,/content/drive/MyDrive/인지프/aeaa_lora_weights/frames/frame_00634.jpg,1753.0,29:13
